This is XeTeX, Version 3.141592653-2.6-0.999996 (TeX Live 2024) (preloaded format=xelatex 2025.1.1)  15 AUG 2025 14:56
entering extended mode
 restricted \write18 enabled.
 %&-line parsing enabled.
**index.tex
(./index.tex
LaTeX2e <2024-11-01> patch level 1
L3 programming layer <2024-12-09>
(/Users/bradcannell/Library/TinyTeX/texmf-dist/tex/latex/koma-script/scrreprt.cls
Document Class: scrreprt 2024/10/24 v3.43 KOMA-Script document class (report)
(/Users/bradcannell/Library/TinyTeX/texmf-dist/tex/latex/koma-script/scrkbase.sty
Package: scrkbase 2024/10/24 v3.43 KOMA-Script package (KOMA-Script-dependent basics and keyval usage)
(/Users/bradcannell/Library/TinyTeX/texmf-dist/tex/latex/koma-script/scrbase.sty
Package: scrbase 2024/10/24 v3.43 KOMA-Script package (KOMA-Script-independent basics and keyval usage)
(/Users/bradcannell/Library/TinyTeX/texmf-dist/tex/latex/koma-script/scrlfile.sty
Package: scrlfile 2024/10/24 v3.43 KOMA-Script package (file load hooks)
(/Users/bradcannell/Library/TinyTeX/texmf-dist/tex/latex/koma-script/scrlfile-hook.sty
Package: scrlfile-hook 2024/10/24 v3.43 KOMA-Script package (using LaTeX hooks)
(/Users/bradcannell/Library/TinyTeX/texmf-dist/tex/latex/koma-script/scrlogo.sty
Package: scrlogo 2024/10/24 v3.43 KOMA-Script package (logo)
))) (/Users/bradcannell/Library/TinyTeX/texmf-dist/tex/latex/graphics/keyval.sty
Package: keyval 2022/05/29 v1.15 key=value parser (DPC)
\KV@toks@=\toks17
)
Applying: [2021/05/01] Usage of raw or classic option list on input line 254.
Already applied: [0000/00/00] Usage of raw or classic option list on input line 370.
)) (/Users/bradcannell/Library/TinyTeX/texmf-dist/tex/latex/koma-script/tocbasic.sty
Package: tocbasic 2024/10/24 v3.43 KOMA-Script package (handling toc-files)
\scr@dte@tocline@numberwidth=\skip49
\scr@dte@tocline@numbox=\box52
)
Package tocbasic Info: omitting babel extension for `toc'
(tocbasic)             because of feature `nobabel' available
(tocbasic)             for `toc' on input line 137.
Class scrreprt Info: File `scrsize11pt.clo' used instead of
(scrreprt)           file `scrsize11.clo' to setup font sizes on input line 2713.
(/Users/bradcannell/Library/TinyTeX/texmf-dist/tex/latex/koma-script/scrsize11pt.clo
File: scrsize11pt.clo 2024/10/24 v3.43 KOMA-Script font size class option (11pt)
) (/Users/bradcannell/Library/TinyTeX/texmf-dist/tex/latex/koma-script/typearea.sty
Package: typearea 2024/10/24 v3.43 KOMA-Script package (type area)
\ta@bcor=\skip50
\ta@div=\count192
Package typearea Info: You've used standard option `letterpaper'.
(typearea)             This is correct!
(typearea)             Internally I'm using `paper=letter'.
(typearea)             If you'd like to set the option with \KOMAoptions,
(typearea)             you'd have to use `paper=letter' there
(typearea)             instead of `letterpaper', too.
\ta@hblk=\skip51
\ta@vblk=\skip52
\ta@temp=\skip53
\footheight=\skip54
Package typearea Info: These are the values describing the layout:
(typearea)             DIV  = 11
(typearea)             BCOR = 0.0pt
(typearea)             \paperwidth      = 614.295pt
(typearea)              \textwidth      = 446.76004pt
(typearea)              DIV departure   = -14%
(typearea)              \evensidemargin = 11.49748pt
(typearea)              \oddsidemargin  = 11.49748pt
(typearea)             \paperheight     = 794.96999pt
(typearea)              \textheight     = 582.20026pt
(typearea)              \topmargin      = -37.40001pt
(typearea)              \headheight     = 17.0pt
(typearea)              \headsep        = 20.40001pt
(typearea)              \topskip        = 11.0pt
(typearea)              \footskip       = 47.6pt
(typearea)              \baselineskip   = 13.6pt
(typearea)              on input line 1802.
)
\c@part=\count193
\c@chapter=\count194
\c@section=\count195
\c@subsection=\count196
\c@subsubsection=\count197
\c@paragraph=\count198
\c@subparagraph=\count199
\scr@dte@chapter@maxnumwidth=\skip55
Class scrreprt Info: using compatibility default `afterindent=bysign'
(scrreprt)           for `\chapter on input line 6020.
\scr@dte@section@maxnumwidth=\skip56
Class scrreprt Info: using compatibility default `runin=bysign'
(scrreprt)           for `\section on input line 6031.
Class scrreprt Info: using compatibility default `afterindent=bysign'
(scrreprt)           for `\section on input line 6031.
\scr@dte@part@maxnumwidth=\skip57
Class scrreprt Info: using compatibility default `afterindent=true'
(scrreprt)           for `\part on input line 6040.
\scr@dte@subsection@maxnumwidth=\skip58
Class scrreprt Info: using compatibility default `runin=bysign'
(scrreprt)           for `\subsection on input line 6050.
Class scrreprt Info: using compatibility default `afterindent=bysign'
(scrreprt)           for `\subsection on input line 6050.
\scr@dte@subsubsection@maxnumwidth=\skip59
Class scrreprt Info: using compatibility default `runin=bysign'
(scrreprt)           for `\subsubsection on input line 6060.
Class scrreprt Info: using compatibility default `afterindent=bysign'
(scrreprt)           for `\subsubsection on input line 6060.
\scr@dte@paragraph@maxnumwidth=\skip60
Class scrreprt Info: using compatibility default `runin=bysign'
(scrreprt)           for `\paragraph on input line 6071.
Class scrreprt Info: using compatibility default `afterindent=bysign'
(scrreprt)           for `\paragraph on input line 6071.
\scr@dte@subparagraph@maxnumwidth=\skip61
Class scrreprt Info: using compatibility default `runin=bysign'
(scrreprt)           for `\subparagraph on input line 6081.
Class scrreprt Info: using compatibility default `afterindent=bysign'
(scrreprt)           for `\subparagraph on input line 6081.
\abovecaptionskip=\skip62
\belowcaptionskip=\skip63
\c@pti@nb@sid@b@x=\box53
Package tocbasic Info: omitting babel extension for `lof'
(tocbasic)             because of feature `nobabel' available
(tocbasic)             for `lof' on input line 7269.
\scr@dte@figure@maxnumwidth=\skip64
\c@figure=\count266
Package tocbasic Info: omitting babel extension for `lot'
(tocbasic)             because of feature `nobabel' available
(tocbasic)             for `lot' on input line 7286.
\scr@dte@table@maxnumwidth=\skip65
\c@table=\count267
Class scrreprt Info: Redefining `\numberline' on input line 7457.
\bibindent=\dimen141
) (/Users/bradcannell/Library/TinyTeX/texmf-dist/tex/latex/amsmath/amsmath.sty
Package: amsmath 2024/11/05 v2.17t AMS math features
\@mathmargin=\skip66
For additional information on amsmath, use the `?' option.
(/Users/bradcannell/Library/TinyTeX/texmf-dist/tex/latex/amsmath/amstext.sty
Package: amstext 2021/08/26 v2.01 AMS text
(/Users/bradcannell/Library/TinyTeX/texmf-dist/tex/latex/amsmath/amsgen.sty
File: amsgen.sty 1999/11/30 v2.0 generic functions
\@emptytoks=\toks18
\ex@=\dimen142
)) (/Users/bradcannell/Library/TinyTeX/texmf-dist/tex/latex/amsmath/amsbsy.sty
Package: amsbsy 1999/11/29 v1.2d Bold Symbols
\pmbraise@=\dimen143
) (/Users/bradcannell/Library/TinyTeX/texmf-dist/tex/latex/amsmath/amsopn.sty
Package: amsopn 2022/04/08 v2.04 operator names
)
\inf@bad=\count268
LaTeX Info: Redefining \frac on input line 233.
\uproot@=\count269
\leftroot@=\count270
LaTeX Info: Redefining \overline on input line 398.
LaTeX Info: Redefining \colon on input line 409.
\classnum@=\count271
\DOTSCASE@=\count272
LaTeX Info: Redefining \ldots on input line 495.
LaTeX Info: Redefining \dots on input line 498.
LaTeX Info: Redefining \cdots on input line 619.
\Mathstrutbox@=\box54
\strutbox@=\box55
LaTeX Info: Redefining \big on input line 721.
LaTeX Info: Redefining \Big on input line 722.
LaTeX Info: Redefining \bigg on input line 723.
LaTeX Info: Redefining \Bigg on input line 724.
\big@size=\dimen144
LaTeX Font Info:    Redeclaring font encoding OML on input line 742.
LaTeX Font Info:    Redeclaring font encoding OMS on input line 743.
\macc@depth=\count273
LaTeX Info: Redefining \bmod on input line 904.
LaTeX Info: Redefining \pmod on input line 909.
LaTeX Info: Redefining \smash on input line 939.
LaTeX Info: Redefining \relbar on input line 969.
LaTeX Info: Redefining \Relbar on input line 970.
\c@MaxMatrixCols=\count274
\dotsspace@=\muskip17
\c@parentequation=\count275
\dspbrk@lvl=\count276
\tag@help=\toks19
\row@=\count277
\column@=\count278
\maxfields@=\count279
\andhelp@=\toks20
\eqnshift@=\dimen145
\alignsep@=\dimen146
\tagshift@=\dimen147
\tagwidth@=\dimen148
\totwidth@=\dimen149
\lineht@=\dimen150
\@envbody=\toks21
\multlinegap=\skip67
\multlinetaggap=\skip68
\mathdisplay@stack=\toks22
LaTeX Info: Redefining \[ on input line 2953.
LaTeX Info: Redefining \] on input line 2954.
) (/Users/bradcannell/Library/TinyTeX/texmf-dist/tex/latex/amsfonts/amssymb.sty
Package: amssymb 2013/01/14 v3.01 AMS font symbols
(/Users/bradcannell/Library/TinyTeX/texmf-dist/tex/latex/amsfonts/amsfonts.sty
Package: amsfonts 2013/01/14 v3.01 Basic AMSFonts support
\symAMSa=\mathgroup4
\symAMSb=\mathgroup5
LaTeX Font Info:    Redeclaring math symbol \hbar on input line 98.
LaTeX Font Info:    Overwriting math alphabet `\mathfrak' in version `bold'
(Font)                  U/euf/m/n --> U/euf/b/n on input line 106.
)) (/Users/bradcannell/Library/TinyTeX/texmf-dist/tex/generic/iftex/iftex.sty
Package: iftex 2024/12/12 v1.0g TeX engine tests
) (/Users/bradcannell/Library/TinyTeX/texmf-dist/tex/latex/unicode-math/unicode-math.sty (/Users/bradcannell/Library/TinyTeX/texmf-dist/tex/latex/l3kernel/expl3.sty
Package: expl3 2024-12-09 L3 programming layer (loader) 
(/Users/bradcannell/Library/TinyTeX/texmf-dist/tex/latex/l3backend/l3backend-xetex.def
File: l3backend-xetex.def 2024-05-08 L3 backend support: XeTeX
\g__graphics_track_int=\count280
\l__pdf_internal_box=\box56
\g__pdf_backend_annotation_int=\count281
\g__pdf_backend_link_int=\count282
))
Package: unicode-math 2023/08/13 v0.8r Unicode maths in XeLaTeX and LuaLaTeX
(/Users/bradcannell/Library/TinyTeX/texmf-dist/tex/latex/unicode-math/unicode-math-xetex.sty
Package: unicode-math-xetex 2023/08/13 v0.8r Unicode maths in XeLaTeX and LuaLaTeX
(/Users/bradcannell/Library/TinyTeX/texmf-dist/tex/latex/l3packages/xparse/xparse.sty
Package: xparse 2024-08-16 L3 Experimental document command parser
) (/Users/bradcannell/Library/TinyTeX/texmf-dist/tex/latex/l3packages/l3keys2e/l3keys2e.sty
Package: l3keys2e 2024-08-16 LaTeX2e option processing using LaTeX3 keys
) (/Users/bradcannell/Library/TinyTeX/texmf-dist/tex/latex/fontspec/fontspec.sty
Package: fontspec 2024/05/11 v2.9e Font selection for XeLaTeX and LuaLaTeX
(/Users/bradcannell/Library/TinyTeX/texmf-dist/tex/latex/fontspec/fontspec-xetex.sty
Package: fontspec-xetex 2024/05/11 v2.9e Font selection for XeLaTeX and LuaLaTeX
\l__fontspec_script_int=\count283
\l__fontspec_language_int=\count284
\l__fontspec_strnum_int=\count285
\l__fontspec_tmp_int=\count286
\l__fontspec_tmpa_int=\count287
\l__fontspec_tmpb_int=\count288
\l__fontspec_tmpc_int=\count289
\l__fontspec_em_int=\count290
\l__fontspec_emdef_int=\count291
\l__fontspec_strong_int=\count292
\l__fontspec_strongdef_int=\count293
\l__fontspec_tmpa_dim=\dimen151
\l__fontspec_tmpb_dim=\dimen152
\l__fontspec_tmpc_dim=\dimen153
(/Users/bradcannell/Library/TinyTeX/texmf-dist/tex/latex/base/fontenc.sty
Package: fontenc 2021/04/29 v2.0v Standard LaTeX package
) (/Users/bradcannell/Library/TinyTeX/texmf-dist/tex/latex/fontspec/fontspec.cfg))) (/Users/bradcannell/Library/TinyTeX/texmf-dist/tex/latex/base/fix-cm.sty
Package: fix-cm 2020/11/24 v1.1t fixes to LaTeX
(/Users/bradcannell/Library/TinyTeX/texmf-dist/tex/latex/base/ts1enc.def
File: ts1enc.def 2001/06/05 v3.0e (jk/car/fm) Standard LaTeX file
LaTeX Font Info:    Redeclaring font encoding TS1 on input line 47.
))
\g__um_fam_int=\count294
\g__um_fonts_used_int=\count295
\l__um_primecount_int=\count296
\g__um_primekern_muskip=\muskip18
(/Users/bradcannell/Library/TinyTeX/texmf-dist/tex/latex/unicode-math/unicode-math-table.tex))) (/Users/bradcannell/Library/TinyTeX/texmf-dist/tex/latex/lm/lmodern.sty
Package: lmodern 2015/05/01 v1.6.1 Latin Modern Fonts
LaTeX Font Info:    Overwriting symbol font `operators' in version `normal'
(Font)                  OT1/cmr/m/n --> OT1/lmr/m/n on input line 22.
LaTeX Font Info:    Overwriting symbol font `letters' in version `normal'
(Font)                  OML/cmm/m/it --> OML/lmm/m/it on input line 23.
LaTeX Font Info:    Overwriting symbol font `symbols' in version `normal'
(Font)                  OMS/cmsy/m/n --> OMS/lmsy/m/n on input line 24.
LaTeX Font Info:    Overwriting symbol font `largesymbols' in version `normal'
(Font)                  OMX/cmex/m/n --> OMX/lmex/m/n on input line 25.
LaTeX Font Info:    Overwriting symbol font `operators' in version `bold'
(Font)                  OT1/cmr/bx/n --> OT1/lmr/bx/n on input line 26.
LaTeX Font Info:    Overwriting symbol font `letters' in version `bold'
(Font)                  OML/cmm/b/it --> OML/lmm/b/it on input line 27.
LaTeX Font Info:    Overwriting symbol font `symbols' in version `bold'
(Font)                  OMS/cmsy/b/n --> OMS/lmsy/b/n on input line 28.
LaTeX Font Info:    Overwriting symbol font `largesymbols' in version `bold'
(Font)                  OMX/cmex/m/n --> OMX/lmex/m/n on input line 29.
LaTeX Font Info:    Overwriting math alphabet `\mathbf' in version `normal'
(Font)                  OT1/cmr/bx/n --> OT1/lmr/bx/n on input line 31.
LaTeX Font Info:    Overwriting math alphabet `\mathsf' in version `normal'
(Font)                  OT1/cmss/m/n --> OT1/lmss/m/n on input line 32.
LaTeX Font Info:    Overwriting math alphabet `\mathit' in version `normal'
(Font)                  OT1/cmr/m/it --> OT1/lmr/m/it on input line 33.
LaTeX Font Info:    Overwriting math alphabet `\mathtt' in version `normal'
(Font)                  OT1/cmtt/m/n --> OT1/lmtt/m/n on input line 34.
LaTeX Font Info:    Overwriting math alphabet `\mathbf' in version `bold'
(Font)                  OT1/cmr/bx/n --> OT1/lmr/bx/n on input line 35.
LaTeX Font Info:    Overwriting math alphabet `\mathsf' in version `bold'
(Font)                  OT1/cmss/bx/n --> OT1/lmss/bx/n on input line 36.
LaTeX Font Info:    Overwriting math alphabet `\mathit' in version `bold'
(Font)                  OT1/cmr/bx/it --> OT1/lmr/bx/it on input line 37.
LaTeX Font Info:    Overwriting math alphabet `\mathtt' in version `bold'
(Font)                  OT1/cmtt/m/n --> OT1/lmtt/m/n on input line 38.
) (/Users/bradcannell/Library/TinyTeX/texmf-dist/tex/latex/upquote/upquote.sty
Package: upquote 2012/04/19 v1.3 upright-quote and grave-accent glyphs in verbatim
(/Users/bradcannell/Library/TinyTeX/texmf-dist/tex/latex/base/textcomp.sty
Package: textcomp 2024/04/24 v2.1b Standard LaTeX package
)) (/Users/bradcannell/Library/TinyTeX/texmf-dist/tex/latex/microtype/microtype.sty
Package: microtype 2024/12/12 v3.2 Micro-typographical refinements (RS)
(/Users/bradcannell/Library/TinyTeX/texmf-dist/tex/latex/etoolbox/etoolbox.sty
Package: etoolbox 2020/10/05 v2.5k e-TeX tools for LaTeX (JAW)
\etb@tempcnta=\count297
)
\MT@toks=\toks23
\MT@tempbox=\box57
\MT@count=\count298
LaTeX Info: Redefining \noprotrusionifhmode on input line 1075.
LaTeX Info: Redefining \leftprotrusion on input line 1076.
\MT@prot@toks=\toks24
LaTeX Info: Redefining \rightprotrusion on input line 1095.
LaTeX Info: Redefining \textls on input line 1437.
\MT@outer@kern=\dimen154
LaTeX Info: Redefining \microtypecontext on input line 2041.
LaTeX Info: Redefining \textmicrotypecontext on input line 2058.
\MT@listname@count=\count299
(/Users/bradcannell/Library/TinyTeX/texmf-dist/tex/latex/microtype/microtype-xetex.def
File: microtype-xetex.def 2024/12/12 v3.2 Definitions specific to xetex (RS)
LaTeX Info: Redefining \lsstyle on input line 443.
LaTeX Info: Redefining \lslig on input line 451.
\MT@outer@space=\skip69
)
Package microtype Info: Loading configuration file microtype.cfg.
(/Users/bradcannell/Library/TinyTeX/texmf-dist/tex/latex/microtype/microtype.cfg
File: microtype.cfg 2024/12/12 v3.2 microtype main configuration file (RS)
)
LaTeX Info: Redefining \microtypesetup on input line 3053.
) (/Users/bradcannell/Library/TinyTeX/texmf-dist/tex/latex/xcolor/xcolor.sty
Package: xcolor 2024/09/29 v3.02 LaTeX color extensions (UK)
(/Users/bradcannell/Library/TinyTeX/texmf-dist/tex/latex/graphics-cfg/color.cfg
File: color.cfg 2016/01/02 v1.6 sample color configuration
)
Package xcolor Info: Driver file: xetex.def on input line 274.
(/Users/bradcannell/Library/TinyTeX/texmf-dist/tex/latex/graphics-def/xetex.def
File: xetex.def 2022/09/22 v5.0n Graphics/color driver for xetex
) (/Users/bradcannell/Library/TinyTeX/texmf-dist/tex/latex/graphics/mathcolor.ltx)
Package xcolor Info: Model `cmy' substituted by `cmy0' on input line 1349.
Package xcolor Info: Model `RGB' extended on input line 1365.
Package xcolor Info: Model `HTML' substituted by `rgb' on input line 1367.
Package xcolor Info: Model `Hsb' substituted by `hsb' on input line 1368.
Package xcolor Info: Model `tHsb' substituted by `hsb' on input line 1369.
Package xcolor Info: Model `HSB' substituted by `hsb' on input line 1370.
Package xcolor Info: Model `Gray' substituted by `gray' on input line 1371.
Package xcolor Info: Model `wave' substituted by `hsb' on input line 1372.
) (/Users/bradcannell/Library/TinyTeX/texmf-dist/tex/latex/graphics/dvipsnam.def
File: dvipsnam.def 2016/06/17 v3.0m Driver-dependent file (DPC,SPQR)
) (/Users/bradcannell/Library/TinyTeX/texmf-dist/tex/latex/xcolor/svgnam.def
File: svgnam.def 2024/09/29 v3.02 Predefined colors according to SVG 1.1 (UK)
) (/Users/bradcannell/Library/TinyTeX/texmf-dist/tex/latex/xcolor/x11nam.def
File: x11nam.def 2024/09/29 v3.02 Predefined colors according to Unix/X11 (UK)
) (/Users/bradcannell/Library/TinyTeX/texmf-dist/tex/generic/soul/soul.sty
Package: soul 2023-06-14 v3.1 Permit use of UTF-8 characters in soul (HO)
(/Users/bradcannell/Library/TinyTeX/texmf-dist/tex/generic/soul/soul-ori.sty
Package: soul-ori 2023-06-14 v3.1 letterspacing/underlining (mf)
\SOUL@word=\toks25
\SOUL@lasttoken=\toks26
\SOUL@syllable=\toks27
\SOUL@cmds=\toks28
\SOUL@buffer=\toks29
\SOUL@token=\toks30
\SOUL@syllgoal=\dimen155
\SOUL@syllwidth=\dimen156
\SOUL@charkern=\dimen157
\SOUL@hyphkern=\dimen158
\SOUL@dimen=\dimen159
\SOUL@dimeni=\dimen160
\SOUL@minus=\count300
\SOUL@comma=\count301
\SOUL@apo=\count302
\SOUL@grave=\count303
\SOUL@spaceskip=\skip70
\SOUL@ttwidth=\dimen161
\SOUL@uldp=\dimen162
\SOUL@ulht=\dimen163
) (/Users/bradcannell/Library/TinyTeX/texmf-dist/tex/generic/infwarerr/infwarerr.sty
Package: infwarerr 2019/12/03 v1.5 Providing info/warning/error messages (HO)
) (/Users/bradcannell/Library/TinyTeX/texmf-dist/tex/generic/etexcmds/etexcmds.sty
Package: etexcmds 2019/12/15 v1.7 Avoid name clashes with e-TeX commands (HO)
)) (/Users/bradcannell/Library/TinyTeX/texmf-dist/tex/latex/fancyvrb/fancyvrb.sty
Package: fancyvrb 2024/01/20 4.5c verbatim text (tvz,hv)
\FV@CodeLineNo=\count304
\FV@InFile=\read2
\FV@TabBox=\box58
\c@FancyVerbLine=\count305
\FV@StepNumber=\count306
\FV@OutFile=\write3
) (/Users/bradcannell/Library/TinyTeX/texmf-dist/tex/latex/framed/framed.sty
Package: framed 2011/10/22 v 0.96: framed or shaded text with page breaks
\OuterFrameSep=\skip71
\fb@frw=\dimen164
\fb@frh=\dimen165
\FrameRule=\dimen166
\FrameSep=\dimen167
) (/Users/bradcannell/Library/TinyTeX/texmf-dist/tex/latex/tools/longtable.sty
Package: longtable 2024-10-27 v4.22 Multi-page Table package (DPC)
\LTleft=\skip72
\LTright=\skip73
\LTpre=\skip74
\LTpost=\skip75
\LTchunksize=\count307
\LTcapwidth=\dimen168
\LT@head=\box59
\LT@firsthead=\box60
\LT@foot=\box61
\LT@lastfoot=\box62
\LT@gbox=\box63
\LT@cols=\count308
\LT@rows=\count309
\c@LT@tables=\count310
\c@LT@chunks=\count311
\LT@p@ftn=\toks31
)
Class scrreprt Info: longtable captions redefined on input line 119.
(/Users/bradcannell/Library/TinyTeX/texmf-dist/tex/latex/booktabs/booktabs.sty
Package: booktabs 2020/01/12 v1.61803398 Publication quality tables
\heavyrulewidth=\dimen169
\lightrulewidth=\dimen170
\cmidrulewidth=\dimen171
\belowrulesep=\dimen172
\belowbottomsep=\dimen173
\aboverulesep=\dimen174
\abovetopsep=\dimen175
\cmidrulesep=\dimen176
\cmidrulekern=\dimen177
\defaultaddspace=\dimen178
\@cmidla=\count312
\@cmidlb=\count313
\@aboverulesep=\dimen179
\@belowrulesep=\dimen180
\@thisruleclass=\count314
\@lastruleclass=\count315
\@thisrulewidth=\dimen181
) (/Users/bradcannell/Library/TinyTeX/texmf-dist/tex/latex/tools/array.sty
Package: array 2024/10/17 v2.6g Tabular extension package (FMi)
\col@sep=\dimen182
\ar@mcellbox=\box64
\extrarowheight=\dimen183
\NC@list=\toks32
\extratabsurround=\skip76
\backup@length=\skip77
\ar@cellbox=\box65
) (/Users/bradcannell/Library/TinyTeX/texmf-dist/tex/latex/tools/calc.sty
Package: calc 2023/07/08 v4.3 Infix arithmetic (KKT,FJ)
\calc@Acount=\count316
\calc@Bcount=\count317
\calc@Adimen=\dimen184
\calc@Bdimen=\dimen185
\calc@Askip=\skip78
\calc@Bskip=\skip79
LaTeX Info: Redefining \setlength on input line 80.
LaTeX Info: Redefining \addtolength on input line 81.
\calc@Ccount=\count318
\calc@Cskip=\skip80
) (/Users/bradcannell/Library/TinyTeX/texmf-dist/tex/latex/mdwtools/footnote.sty
Package: footnote 1997/01/28 1.13 Save footnotes around boxes
\fn@notes=\box66
\fn@width=\dimen186
) (/Users/bradcannell/Library/TinyTeX/texmf-dist/tex/latex/graphics/graphicx.sty
Package: graphicx 2021/09/16 v1.2d Enhanced LaTeX Graphics (DPC,SPQR)
(/Users/bradcannell/Library/TinyTeX/texmf-dist/tex/latex/graphics/graphics.sty
Package: graphics 2024/08/06 v1.4g Standard LaTeX Graphics (DPC,SPQR)
(/Users/bradcannell/Library/TinyTeX/texmf-dist/tex/latex/graphics/trig.sty
Package: trig 2023/12/02 v1.11 sin cos tan (DPC)
) (/Users/bradcannell/Library/TinyTeX/texmf-dist/tex/latex/graphics-cfg/graphics.cfg
File: graphics.cfg 2016/06/04 v1.11 sample graphics configuration
)
Package graphics Info: Driver file: xetex.def on input line 106.
)
\Gin@req@height=\dimen187
\Gin@req@width=\dimen188
)
\pandoc@box=\box67
\cslhangindent=\skip81
\csllabelwidth=\skip82
(/Users/bradcannell/Library/TinyTeX/texmf-dist/tex/latex/multirow/multirow.sty
Package: multirow 2024/11/12 v2.9 Span multiple rows of a table
\multirow@colwidth=\skip83
\multirow@cntb=\count319
\multirow@dima=\skip84
\bigstrutjot=\dimen189
) (/Users/bradcannell/Library/TinyTeX/texmf-dist/tex/latex/wrapfig/wrapfig.sty
\wrapoverhang=\dimen190
\WF@size=\dimen191
\c@WF@wrappedlines=\count320
\WF@box=\box68
\WF@everypar=\toks33
Package: wrapfig 2003/01/31  v 3.6
) (/Users/bradcannell/Library/TinyTeX/texmf-dist/tex/latex/float/float.sty
Package: float 2001/11/08 v1.3d Float enhancements (AL)
\c@float@type=\count321
\float@exts=\toks34
\float@box=\box69
\@float@everytoks=\toks35
\@floatcapt=\box70
) (/Users/bradcannell/Library/TinyTeX/texmf-dist/tex/latex/colortbl/colortbl.sty
Package: colortbl 2024/07/06 v1.0i Color table columns (DPC)
\everycr=\toks36
\minrowclearance=\skip85
\rownum=\count322
) (/Users/bradcannell/Library/TinyTeX/texmf-dist/tex/latex/pdflscape/pdflscape.sty
Package: pdflscape 2022-10-27 v0.13 Display of landscape pages in PDF
(/Users/bradcannell/Library/TinyTeX/texmf-dist/tex/latex/pdflscape/pdflscape-nometadata.sty
Package: pdflscape-nometadata 2022-10-28 v0.13 Display of landscape pages in PDF (HO)
(/Users/bradcannell/Library/TinyTeX/texmf-dist/tex/latex/graphics/lscape.sty
Package: lscape 2020/05/28 v3.02 Landscape Pages (DPC)
)
Package pdflscape Info: Auto-detected driver: dvipdfm (xetex) on input line 98.
)) (/Users/bradcannell/Library/TinyTeX/texmf-dist/tex/latex/tabu/tabu.sty
Package: tabu 2019/01/11 v2.9 - flexible LaTeX tabulars (FC+tabu-fixed)
(/Users/bradcannell/Library/TinyTeX/texmf-dist/tex/latex/varwidth/varwidth.sty
Package: varwidth 2009/03/30 ver 0.92;  Variable-width minipages
\@vwid@box=\box71
\sift@deathcycles=\count323
\@vwid@loff=\dimen192
\@vwid@roff=\dimen193
)
\c@taburow=\count324
\tabu@nbcols=\count325
\tabu@cnt=\count326
\tabu@Xcol=\count327
\tabu@alloc=\count328
\tabu@nested=\count329
\tabu@target=\dimen194
\tabu@spreadtarget=\dimen195
\tabu@naturalX=\dimen196
\tabucolX=\dimen197
\tabu@Xsum=\dimen198
\extrarowdepth=\dimen199
\abovetabulinesep=\dimen256
\belowtabulinesep=\dimen257
\tabustrutrule=\dimen258
\tabu@thebody=\toks37
\tabu@footnotes=\toks38
\tabu@box=\box72
\tabu@arstrutbox=\box73
\tabu@hleads=\box74
\tabu@vleads=\box75
\tabu@cellskip=\skip86
) (/Users/bradcannell/Library/TinyTeX/texmf-dist/tex/latex/threeparttable/threeparttable.sty
Package: threeparttable 2003/06/13  v 3.0
\@tempboxb=\box76
) (/Users/bradcannell/Library/TinyTeX/texmf-dist/tex/latex/threeparttablex/threeparttablex.sty
Package: threeparttablex 2013/07/23 v0.3 by daleif
(/Users/bradcannell/Library/TinyTeX/texmf-dist/tex/latex/environ/environ.sty
Package: environ 2014/05/04 v0.3 A new way to define environments
(/Users/bradcannell/Library/TinyTeX/texmf-dist/tex/latex/trimspaces/trimspaces.sty
Package: trimspaces 2009/09/17 v1.1 Trim spaces around a token list
))
\TPTL@width=\skip87
) (/Users/bradcannell/Library/TinyTeX/texmf-dist/tex/generic/ulem/ulem.sty
\UL@box=\box77
\UL@hyphenbox=\box78
\UL@skip=\skip88
\UL@hook=\toks39
\UL@height=\dimen259
\UL@pe=\count330
\UL@pixel=\dimen260
\ULC@box=\box79
Package: ulem 2019/11/18
\ULdepth=\dimen261
) (/Users/bradcannell/Library/TinyTeX/texmf-dist/tex/latex/makecell/makecell.sty
Package: makecell 2009/08/03 V0.1e Managing of Tab Column Heads and Cells
\rotheadsize=\dimen262
\c@nlinenum=\count331
\TeXr@lab=\toks40
) (/Users/bradcannell/Library/TinyTeX/texmf-dist/tex/latex/tcolorbox/tcolorbox.sty
Package: tcolorbox 2024/10/22 version 6.4.1 text color boxes
(/Users/bradcannell/Library/TinyTeX/texmf-dist/tex/latex/pgf/frontendlayer/tikz.sty (/Users/bradcannell/Library/TinyTeX/texmf-dist/tex/latex/pgf/basiclayer/pgf.sty (/Users/bradcannell/Library/TinyTeX/texmf-dist/tex/latex/pgf/utilities/pgfrcs.sty (/Users/bradcannell/Library/TinyTeX/texmf-dist/tex/generic/pgf/utilities/pgfutil-common.tex
\pgfutil@everybye=\toks41
\pgfutil@tempdima=\dimen263
\pgfutil@tempdimb=\dimen264
) (/Users/bradcannell/Library/TinyTeX/texmf-dist/tex/generic/pgf/utilities/pgfutil-latex.def
\pgfutil@abb=\box80
) (/Users/bradcannell/Library/TinyTeX/texmf-dist/tex/generic/pgf/utilities/pgfrcs.code.tex (/Users/bradcannell/Library/TinyTeX/texmf-dist/tex/generic/pgf/pgf.revision.tex)
Package: pgfrcs 2023-01-15 v3.1.10 (3.1.10)
))
Package: pgf 2023-01-15 v3.1.10 (3.1.10)
(/Users/bradcannell/Library/TinyTeX/texmf-dist/tex/latex/pgf/basiclayer/pgfcore.sty (/Users/bradcannell/Library/TinyTeX/texmf-dist/tex/latex/pgf/systemlayer/pgfsys.sty (/Users/bradcannell/Library/TinyTeX/texmf-dist/tex/generic/pgf/systemlayer/pgfsys.code.tex
Package: pgfsys 2023-01-15 v3.1.10 (3.1.10)
(/Users/bradcannell/Library/TinyTeX/texmf-dist/tex/generic/pgf/utilities/pgfkeys.code.tex
\pgfkeys@pathtoks=\toks42
\pgfkeys@temptoks=\toks43
(/Users/bradcannell/Library/TinyTeX/texmf-dist/tex/generic/pgf/utilities/pgfkeyslibraryfiltered.code.tex
\pgfkeys@tmptoks=\toks44
))
\pgf@x=\dimen265
\pgf@y=\dimen266
\pgf@xa=\dimen267
\pgf@ya=\dimen268
\pgf@xb=\dimen269
\pgf@yb=\dimen270
\pgf@xc=\dimen271
\pgf@yc=\dimen272
\pgf@xd=\dimen273
\pgf@yd=\dimen274
\w@pgf@writea=\write4
\r@pgf@reada=\read3
\c@pgf@counta=\count332
\c@pgf@countb=\count333
\c@pgf@countc=\count334
\c@pgf@countd=\count335
\t@pgf@toka=\toks45
\t@pgf@tokb=\toks46
\t@pgf@tokc=\toks47
\pgf@sys@id@count=\count336
(/Users/bradcannell/Library/TinyTeX/texmf-dist/tex/generic/pgf/systemlayer/pgf.cfg
File: pgf.cfg 2023-01-15 v3.1.10 (3.1.10)
)
Driver file for pgf: pgfsys-xetex.def
(/Users/bradcannell/Library/TinyTeX/texmf-dist/tex/generic/pgf/systemlayer/pgfsys-xetex.def
File: pgfsys-xetex.def 2023-01-15 v3.1.10 (3.1.10)
(/Users/bradcannell/Library/TinyTeX/texmf-dist/tex/generic/pgf/systemlayer/pgfsys-dvipdfmx.def
File: pgfsys-dvipdfmx.def 2023-01-15 v3.1.10 (3.1.10)
(/Users/bradcannell/Library/TinyTeX/texmf-dist/tex/generic/pgf/systemlayer/pgfsys-common-pdf.def
File: pgfsys-common-pdf.def 2023-01-15 v3.1.10 (3.1.10)
)
\pgfsys@objnum=\count337
))) (/Users/bradcannell/Library/TinyTeX/texmf-dist/tex/generic/pgf/systemlayer/pgfsyssoftpath.code.tex
File: pgfsyssoftpath.code.tex 2023-01-15 v3.1.10 (3.1.10)
\pgfsyssoftpath@smallbuffer@items=\count338
\pgfsyssoftpath@bigbuffer@items=\count339
) (/Users/bradcannell/Library/TinyTeX/texmf-dist/tex/generic/pgf/systemlayer/pgfsysprotocol.code.tex
File: pgfsysprotocol.code.tex 2023-01-15 v3.1.10 (3.1.10)
)) (/Users/bradcannell/Library/TinyTeX/texmf-dist/tex/generic/pgf/basiclayer/pgfcore.code.tex
Package: pgfcore 2023-01-15 v3.1.10 (3.1.10)
(/Users/bradcannell/Library/TinyTeX/texmf-dist/tex/generic/pgf/math/pgfmath.code.tex (/Users/bradcannell/Library/TinyTeX/texmf-dist/tex/generic/pgf/math/pgfmathutil.code.tex) (/Users/bradcannell/Library/TinyTeX/texmf-dist/tex/generic/pgf/math/pgfmathparser.code.tex
\pgfmath@dimen=\dimen275
\pgfmath@count=\count340
\pgfmath@box=\box81
\pgfmath@toks=\toks48
\pgfmath@stack@operand=\toks49
\pgfmath@stack@operation=\toks50
) (/Users/bradcannell/Library/TinyTeX/texmf-dist/tex/generic/pgf/math/pgfmathfunctions.code.tex) (/Users/bradcannell/Library/TinyTeX/texmf-dist/tex/generic/pgf/math/pgfmathfunctions.basic.code.tex) (/Users/bradcannell/Library/TinyTeX/texmf-dist/tex/generic/pgf/math/pgfmathfunctions.trigonometric.code.tex) (/Users/bradcannell/Library/TinyTeX/texmf-dist/tex/generic/pgf/math/pgfmathfunctions.random.code.tex) (/Users/bradcannell/Library/TinyTeX/texmf-dist/tex/generic/pgf/math/pgfmathfunctions.comparison.code.tex) (/Users/bradcannell/Library/TinyTeX/texmf-dist/tex/generic/pgf/math/pgfmathfunctions.base.code.tex) (/Users/bradcannell/Library/TinyTeX/texmf-dist/tex/generic/pgf/math/pgfmathfunctions.round.code.tex) (/Users/bradcannell/Library/TinyTeX/texmf-dist/tex/generic/pgf/math/pgfmathfunctions.misc.code.tex) (/Users/bradcannell/Library/TinyTeX/texmf-dist/tex/generic/pgf/math/pgfmathfunctions.integerarithmetics.code.tex) (/Users/bradcannell/Library/TinyTeX/texmf-dist/tex/generic/pgf/math/pgfmathcalc.code.tex) (/Users/bradcannell/Library/TinyTeX/texmf-dist/tex/generic/pgf/math/pgfmathfloat.code.tex
\c@pgfmathroundto@lastzeros=\count341
)) (/Users/bradcannell/Library/TinyTeX/texmf-dist/tex/generic/pgf/math/pgfint.code.tex) (/Users/bradcannell/Library/TinyTeX/texmf-dist/tex/generic/pgf/basiclayer/pgfcorepoints.code.tex
File: pgfcorepoints.code.tex 2023-01-15 v3.1.10 (3.1.10)
\pgf@picminx=\dimen276
\pgf@picmaxx=\dimen277
\pgf@picminy=\dimen278
\pgf@picmaxy=\dimen279
\pgf@pathminx=\dimen280
\pgf@pathmaxx=\dimen281
\pgf@pathminy=\dimen282
\pgf@pathmaxy=\dimen283
\pgf@xx=\dimen284
\pgf@xy=\dimen285
\pgf@yx=\dimen286
\pgf@yy=\dimen287
\pgf@zx=\dimen288
\pgf@zy=\dimen289
) (/Users/bradcannell/Library/TinyTeX/texmf-dist/tex/generic/pgf/basiclayer/pgfcorepathconstruct.code.tex
File: pgfcorepathconstruct.code.tex 2023-01-15 v3.1.10 (3.1.10)
\pgf@path@lastx=\dimen290
\pgf@path@lasty=\dimen291
) (/Users/bradcannell/Library/TinyTeX/texmf-dist/tex/generic/pgf/basiclayer/pgfcorepathusage.code.tex
File: pgfcorepathusage.code.tex 2023-01-15 v3.1.10 (3.1.10)
\pgf@shorten@end@additional=\dimen292
\pgf@shorten@start@additional=\dimen293
) (/Users/bradcannell/Library/TinyTeX/texmf-dist/tex/generic/pgf/basiclayer/pgfcorescopes.code.tex
File: pgfcorescopes.code.tex 2023-01-15 v3.1.10 (3.1.10)
\pgfpic=\box82
\pgf@hbox=\box83
\pgf@layerbox@main=\box84
\pgf@picture@serial@count=\count342
) (/Users/bradcannell/Library/TinyTeX/texmf-dist/tex/generic/pgf/basiclayer/pgfcoregraphicstate.code.tex
File: pgfcoregraphicstate.code.tex 2023-01-15 v3.1.10 (3.1.10)
\pgflinewidth=\dimen294
) (/Users/bradcannell/Library/TinyTeX/texmf-dist/tex/generic/pgf/basiclayer/pgfcoretransformations.code.tex
File: pgfcoretransformations.code.tex 2023-01-15 v3.1.10 (3.1.10)
\pgf@pt@x=\dimen295
\pgf@pt@y=\dimen296
\pgf@pt@temp=\dimen297
) (/Users/bradcannell/Library/TinyTeX/texmf-dist/tex/generic/pgf/basiclayer/pgfcorequick.code.tex
File: pgfcorequick.code.tex 2023-01-15 v3.1.10 (3.1.10)
) (/Users/bradcannell/Library/TinyTeX/texmf-dist/tex/generic/pgf/basiclayer/pgfcoreobjects.code.tex
File: pgfcoreobjects.code.tex 2023-01-15 v3.1.10 (3.1.10)
) (/Users/bradcannell/Library/TinyTeX/texmf-dist/tex/generic/pgf/basiclayer/pgfcorepathprocessing.code.tex
File: pgfcorepathprocessing.code.tex 2023-01-15 v3.1.10 (3.1.10)
) (/Users/bradcannell/Library/TinyTeX/texmf-dist/tex/generic/pgf/basiclayer/pgfcorearrows.code.tex
File: pgfcorearrows.code.tex 2023-01-15 v3.1.10 (3.1.10)
\pgfarrowsep=\dimen298
) (/Users/bradcannell/Library/TinyTeX/texmf-dist/tex/generic/pgf/basiclayer/pgfcoreshade.code.tex
File: pgfcoreshade.code.tex 2023-01-15 v3.1.10 (3.1.10)
\pgf@max=\dimen299
\pgf@sys@shading@range@num=\count343
\pgf@shadingcount=\count344
) (/Users/bradcannell/Library/TinyTeX/texmf-dist/tex/generic/pgf/basiclayer/pgfcoreimage.code.tex
File: pgfcoreimage.code.tex 2023-01-15 v3.1.10 (3.1.10)
) (/Users/bradcannell/Library/TinyTeX/texmf-dist/tex/generic/pgf/basiclayer/pgfcoreexternal.code.tex
File: pgfcoreexternal.code.tex 2023-01-15 v3.1.10 (3.1.10)
\pgfexternal@startupbox=\box85
) (/Users/bradcannell/Library/TinyTeX/texmf-dist/tex/generic/pgf/basiclayer/pgfcorelayers.code.tex
File: pgfcorelayers.code.tex 2023-01-15 v3.1.10 (3.1.10)
) (/Users/bradcannell/Library/TinyTeX/texmf-dist/tex/generic/pgf/basiclayer/pgfcoretransparency.code.tex
File: pgfcoretransparency.code.tex 2023-01-15 v3.1.10 (3.1.10)
) (/Users/bradcannell/Library/TinyTeX/texmf-dist/tex/generic/pgf/basiclayer/pgfcorepatterns.code.tex
File: pgfcorepatterns.code.tex 2023-01-15 v3.1.10 (3.1.10)
) (/Users/bradcannell/Library/TinyTeX/texmf-dist/tex/generic/pgf/basiclayer/pgfcorerdf.code.tex
File: pgfcorerdf.code.tex 2023-01-15 v3.1.10 (3.1.10)
))) (/Users/bradcannell/Library/TinyTeX/texmf-dist/tex/generic/pgf/modules/pgfmoduleshapes.code.tex
File: pgfmoduleshapes.code.tex 2023-01-15 v3.1.10 (3.1.10)
\pgfnodeparttextbox=\box86
) (/Users/bradcannell/Library/TinyTeX/texmf-dist/tex/generic/pgf/modules/pgfmoduleplot.code.tex
File: pgfmoduleplot.code.tex 2023-01-15 v3.1.10 (3.1.10)
) (/Users/bradcannell/Library/TinyTeX/texmf-dist/tex/latex/pgf/compatibility/pgfcomp-version-0-65.sty
Package: pgfcomp-version-0-65 2023-01-15 v3.1.10 (3.1.10)
\pgf@nodesepstart=\dimen300
\pgf@nodesepend=\dimen301
) (/Users/bradcannell/Library/TinyTeX/texmf-dist/tex/latex/pgf/compatibility/pgfcomp-version-1-18.sty
Package: pgfcomp-version-1-18 2023-01-15 v3.1.10 (3.1.10)
)) (/Users/bradcannell/Library/TinyTeX/texmf-dist/tex/latex/pgf/utilities/pgffor.sty (/Users/bradcannell/Library/TinyTeX/texmf-dist/tex/latex/pgf/utilities/pgfkeys.sty (/Users/bradcannell/Library/TinyTeX/texmf-dist/tex/generic/pgf/utilities/pgfkeys.code.tex)) (/Users/bradcannell/Library/TinyTeX/texmf-dist/tex/latex/pgf/math/pgfmath.sty (/Users/bradcannell/Library/TinyTeX/texmf-dist/tex/generic/pgf/math/pgfmath.code.tex)) (/Users/bradcannell/Library/TinyTeX/texmf-dist/tex/generic/pgf/utilities/pgffor.code.tex
Package: pgffor 2023-01-15 v3.1.10 (3.1.10)
\pgffor@iter=\dimen302
\pgffor@skip=\dimen303
\pgffor@stack=\toks51
\pgffor@toks=\toks52
)) (/Users/bradcannell/Library/TinyTeX/texmf-dist/tex/generic/pgf/frontendlayer/tikz/tikz.code.tex
Package: tikz 2023-01-15 v3.1.10 (3.1.10)
(/Users/bradcannell/Library/TinyTeX/texmf-dist/tex/generic/pgf/libraries/pgflibraryplothandlers.code.tex
File: pgflibraryplothandlers.code.tex 2023-01-15 v3.1.10 (3.1.10)
\pgf@plot@mark@count=\count345
\pgfplotmarksize=\dimen304
)
\tikz@lastx=\dimen305
\tikz@lasty=\dimen306
\tikz@lastxsaved=\dimen307
\tikz@lastysaved=\dimen308
\tikz@lastmovetox=\dimen309
\tikz@lastmovetoy=\dimen310
\tikzleveldistance=\dimen311
\tikzsiblingdistance=\dimen312
\tikz@figbox=\box87
\tikz@figbox@bg=\box88
\tikz@tempbox=\box89
\tikz@tempbox@bg=\box90
\tikztreelevel=\count346
\tikznumberofchildren=\count347
\tikznumberofcurrentchild=\count348
\tikz@fig@count=\count349
(/Users/bradcannell/Library/TinyTeX/texmf-dist/tex/generic/pgf/modules/pgfmodulematrix.code.tex
File: pgfmodulematrix.code.tex 2023-01-15 v3.1.10 (3.1.10)
\pgfmatrixcurrentrow=\count350
\pgfmatrixcurrentcolumn=\count351
\pgf@matrix@numberofcolumns=\count352
)
\tikz@expandcount=\count353
(/Users/bradcannell/Library/TinyTeX/texmf-dist/tex/generic/pgf/frontendlayer/tikz/libraries/tikzlibrarytopaths.code.tex
File: tikzlibrarytopaths.code.tex 2023-01-15 v3.1.10 (3.1.10)
))) (/Users/bradcannell/Library/TinyTeX/texmf-dist/tex/latex/tools/verbatim.sty
Package: verbatim 2024-01-22 v1.5x LaTeX2e package for verbatim enhancements
\every@verbatim=\toks53
\verbatim@line=\toks54
\verbatim@in@stream=\read4
)
\tcb@titlebox=\box91
\tcb@upperbox=\box92
\tcb@lowerbox=\box93
\tcb@phantombox=\box94
\c@tcbbreakpart=\count354
\c@tcblayer=\count355
\c@tcolorbox@number=\count356
\l__tcobox_tmpa_box=\box95
\l__tcobox_tmpa_dim=\dimen313
\tcb@temp=\box96
\tcb@temp=\box97
\tcb@temp=\box98
\tcb@temp=\box99
(/Users/bradcannell/Library/TinyTeX/texmf-dist/tex/latex/tcolorbox/tcbskins.code.tex
Library (tcolorbox): 'tcbskins.code.tex' version '6.4.1'
(/Users/bradcannell/Library/TinyTeX/texmf-dist/tex/latex/tikzfill/tikzfill.image.sty
Package: tikzfill.image 2023/08/08 v1.0.1 Image filling library for TikZ
(/Users/bradcannell/Library/TinyTeX/texmf-dist/tex/latex/tikzfill/tikzfill-common.sty
Package: tikzfill-common 2023/08/08 v1.0.1 Auxiliary code for tikzfill
) (/Users/bradcannell/Library/TinyTeX/texmf-dist/tex/latex/tikzfill/tikzlibraryfill.image.code.tex
File: tikzlibraryfill.image.code.tex 2023/08/08 v1.0.1 Image filling library
\l__tikzfill_img_box=\box100
)) (/Users/bradcannell/Library/TinyTeX/texmf-dist/tex/latex/tcolorbox/tcbskinsjigsaw.code.tex
Library (tcolorbox): 'tcbskinsjigsaw.code.tex' version '6.4.1'
)) (/Users/bradcannell/Library/TinyTeX/texmf-dist/tex/latex/tcolorbox/tcbbreakable.code.tex
Library (tcolorbox): 'tcbbreakable.code.tex' version '6.4.1'
(/Users/bradcannell/Library/TinyTeX/texmf-dist/tex/latex/pdfcol/pdfcol.sty
Package: pdfcol 2022-09-21 v1.7 Handle new color stacks for pdfTeX (HO)
(/Users/bradcannell/Library/TinyTeX/texmf-dist/tex/generic/ltxcmds/ltxcmds.sty
Package: ltxcmds 2023-12-04 v1.26 LaTeX kernel commands for general use (HO)
)
Package pdfcol Info: Interface disabled because of missing PDF mode of pdfTeX.
)
Package pdfcol Info: pdfTeX's color stacks are not available.
\tcb@testbox=\box101
\tcb@totalupperbox=\box102
\tcb@totallowerbox=\box103
)) (/Users/bradcannell/Library/TinyTeX/texmf-dist/tex/latex/fontawesome5/fontawesome5.sty
Package: fontawesome5 2022/05/02 v5.15.4 Font Awesome 5
(/Users/bradcannell/Library/TinyTeX/texmf-dist/tex/latex/fontawesome5/fontawesome5-utex-helper.sty
Package: fontawesome5-utex-helper 2022/05/02 v5.15.4 uTeX helper for fontawesome5
LaTeX Font Info:    Trying to load font information for TU+fontawesomefree on input line 69.
(/Users/bradcannell/Library/TinyTeX/texmf-dist/tex/latex/fontawesome5/tufontawesomefree.fd)
LaTeX Font Info:    Trying to load font information for TU+fontawesomebrands on input line 70.
(/Users/bradcannell/Library/TinyTeX/texmf-dist/tex/latex/fontawesome5/tufontawesomebrands.fd))) (/Users/bradcannell/Library/TinyTeX/texmf-dist/tex/latex/bookmark/bookmark.sty
Package: bookmark 2023-12-10 v1.31 PDF bookmarks (HO)
(/Users/bradcannell/Library/TinyTeX/texmf-dist/tex/latex/hyperref/hyperref.sty
Package: hyperref 2024-11-05 v7.01l Hypertext links for LaTeX
(/Users/bradcannell/Library/TinyTeX/texmf-dist/tex/latex/kvsetkeys/kvsetkeys.sty
Package: kvsetkeys 2022-10-05 v1.19 Key value parser (HO)
) (/Users/bradcannell/Library/TinyTeX/texmf-dist/tex/generic/kvdefinekeys/kvdefinekeys.sty
Package: kvdefinekeys 2019-12-19 v1.6 Define keys (HO)
) (/Users/bradcannell/Library/TinyTeX/texmf-dist/tex/generic/pdfescape/pdfescape.sty
Package: pdfescape 2019/12/09 v1.15 Implements pdfTeX's escape features (HO)
(/Users/bradcannell/Library/TinyTeX/texmf-dist/tex/generic/pdftexcmds/pdftexcmds.sty
Package: pdftexcmds 2020-06-27 v0.33 Utility functions of pdfTeX for LuaTeX (HO)
Package pdftexcmds Info: \pdf@primitive is available.
Package pdftexcmds Info: \pdf@ifprimitive is available.
Package pdftexcmds Info: \pdfdraftmode not found.
)) (/Users/bradcannell/Library/TinyTeX/texmf-dist/tex/latex/hycolor/hycolor.sty
Package: hycolor 2020-01-27 v1.10 Color options for hyperref/bookmark (HO)
) (/Users/bradcannell/Library/TinyTeX/texmf-dist/tex/latex/hyperref/nameref.sty
Package: nameref 2023-11-26 v2.56 Cross-referencing by name of section
(/Users/bradcannell/Library/TinyTeX/texmf-dist/tex/latex/refcount/refcount.sty
Package: refcount 2019/12/15 v3.6 Data extraction from label references (HO)
) (/Users/bradcannell/Library/TinyTeX/texmf-dist/tex/generic/gettitlestring/gettitlestring.sty
Package: gettitlestring 2019/12/15 v1.6 Cleanup title references (HO)
(/Users/bradcannell/Library/TinyTeX/texmf-dist/tex/latex/kvoptions/kvoptions.sty
Package: kvoptions 2022-06-15 v3.15 Key value format for package options (HO)
))
\c@section@level=\count357
) (/Users/bradcannell/Library/TinyTeX/texmf-dist/tex/generic/stringenc/stringenc.sty
Package: stringenc 2019/11/29 v1.12 Convert strings between diff. encodings (HO)
)
\@linkdim=\dimen314
\Hy@linkcounter=\count358
\Hy@pagecounter=\count359
(/Users/bradcannell/Library/TinyTeX/texmf-dist/tex/latex/hyperref/pd1enc.def
File: pd1enc.def 2024-11-05 v7.01l Hyperref: PDFDocEncoding definition (HO)
) (/Users/bradcannell/Library/TinyTeX/texmf-dist/tex/generic/intcalc/intcalc.sty
Package: intcalc 2019/12/15 v1.3 Expandable calculations with integers (HO)
)
\Hy@SavedSpaceFactor=\count360
(/Users/bradcannell/Library/TinyTeX/texmf-dist/tex/latex/hyperref/puenc.def
File: puenc.def 2024-11-05 v7.01l Hyperref: PDF Unicode definition (HO)
)
Package hyperref Info: Option `unicode' set `true' on input line 4040.
Package hyperref Info: Hyper figures OFF on input line 4157.
Package hyperref Info: Link nesting OFF on input line 4162.
Package hyperref Info: Hyper index ON on input line 4165.
Package hyperref Info: Plain pages OFF on input line 4172.
Package hyperref Info: Backreferencing OFF on input line 4177.
Package hyperref Info: Implicit mode ON; LaTeX internals redefined.
Package hyperref Info: Bookmarks ON on input line 4424.
\c@Hy@tempcnt=\count361
(/Users/bradcannell/Library/TinyTeX/texmf-dist/tex/latex/url/url.sty
\Urlmuskip=\muskip19
Package: url 2013/09/16  ver 3.4  Verb mode for urls, etc.
)
LaTeX Info: Redefining \url on input line 4763.
\XeTeXLinkMargin=\dimen315
(/Users/bradcannell/Library/TinyTeX/texmf-dist/tex/generic/bitset/bitset.sty
Package: bitset 2019/12/09 v1.3 Handle bit-vector datatype (HO)
(/Users/bradcannell/Library/TinyTeX/texmf-dist/tex/generic/bigintcalc/bigintcalc.sty
Package: bigintcalc 2019/12/15 v1.5 Expandable calculations on big integers (HO)
))
\Fld@menulength=\count362
\Field@Width=\dimen316
\Fld@charsize=\dimen317
Package hyperref Info: Hyper figures OFF on input line 6042.
Package hyperref Info: Link nesting OFF on input line 6047.
Package hyperref Info: Hyper index ON on input line 6050.
Package hyperref Info: backreferencing OFF on input line 6057.
Package hyperref Info: Link coloring OFF on input line 6062.
Package hyperref Info: Link coloring with OCG OFF on input line 6067.
Package hyperref Info: PDF/A mode OFF on input line 6072.
(/Users/bradcannell/Library/TinyTeX/texmf-dist/tex/latex/base/atbegshi-ltx.sty
Package: atbegshi-ltx 2021/01/10 v1.0c Emulation of the original atbegshi
package with kernel methods
)
\Hy@abspage=\count363
\c@Item=\count364
\c@Hfootnote=\count365
)
Package hyperref Info: Driver (autodetected): hxetex.
(/Users/bradcannell/Library/TinyTeX/texmf-dist/tex/latex/hyperref/hxetex.def
File: hxetex.def 2024-11-05 v7.01l Hyperref driver for XeTeX
\pdfm@box=\box104
\c@Hy@AnnotLevel=\count366
\HyField@AnnotCount=\count367
\Fld@listcount=\count368
\c@bookmark@seq@number=\count369
(/Users/bradcannell/Library/TinyTeX/texmf-dist/tex/latex/rerunfilecheck/rerunfilecheck.sty
Package: rerunfilecheck 2022-07-10 v1.10 Rerun checks for auxiliary files (HO)
(/Users/bradcannell/Library/TinyTeX/texmf-dist/tex/latex/base/atveryend-ltx.sty
Package: atveryend-ltx 2020/08/19 v1.0a Emulation of the original atveryend package
with kernel methods
) (/Users/bradcannell/Library/TinyTeX/texmf-dist/tex/generic/uniquecounter/uniquecounter.sty
Package: uniquecounter 2019/12/15 v1.4 Provide unlimited unique counter (HO)
)
Package uniquecounter Info: New unique counter `rerunfilecheck' on input line 285.
)
\Hy@SectionHShift=\skip89
) (/Users/bradcannell/Library/TinyTeX/texmf-dist/tex/latex/bookmark/bkm-dvipdfm.def
File: bkm-dvipdfm.def 2023-12-10 v1.31 bookmark driver for dvipdfm (HO)
\BKM@id=\count370
)) (/Users/bradcannell/Library/TinyTeX/texmf-dist/tex/latex/caption/caption.sty
Package: caption 2023/08/05 v3.6o Customizing captions (AR)
(/Users/bradcannell/Library/TinyTeX/texmf-dist/tex/latex/caption/caption3.sty
Package: caption3 2023/07/31 v2.4d caption3 kernel (AR)
\caption@tempdima=\dimen318
\captionmargin=\dimen319
\caption@leftmargin=\dimen320
\caption@rightmargin=\dimen321
\caption@width=\dimen322
\caption@indent=\dimen323
\caption@parindent=\dimen324
\caption@hangindent=\dimen325
Package caption Info: KOMA-Script document class detected.
(/Users/bradcannell/Library/TinyTeX/texmf-dist/tex/latex/caption/caption-koma.sto
File: caption-koma.sto 2023/09/08 v2.0e Adaption of the caption package to the KOMA-Script document classes (AR)
))
\c@caption@flags=\count371
\c@continuedfloat=\count372
Package caption Info: float package is loaded.
Package caption Info: hyperref package is loaded.
Package caption Info: longtable package is loaded.
(/Users/bradcannell/Library/TinyTeX/texmf-dist/tex/latex/caption/ltcaption.sty
Package: ltcaption 2021/01/08 v1.4c longtable captions (AR)
)
Package caption Info: KOMA-Script scrextend package detected.
\caption@addmargin@hsize=\dimen326
\caption@addmargin@linewidth=\dimen327
Package caption Info: threeparttable package is loaded.
Package caption Info: wrapfig package is loaded.
)
\@float@every@codelisting=\toks55
\c@codelisting=\count373
(/Users/bradcannell/Library/TinyTeX/texmf-dist/tex/latex/caption/subcaption.sty
Package: subcaption 2023/07/28 v1.6b Sub-captions (AR)
Package caption Info: New subtype `subfigure' on input line 238.
\c@subfigure=\count374
Package caption Info: New subtype `subtable' on input line 238.
\c@subtable=\count375
)
Package hyperref Info: Option `colorlinks' set `true' on input line 264.
No file index.aux.
\openout1 = `index.aux'.

LaTeX Font Info:    Checking defaults for OML/cmm/m/it on input line 271.
LaTeX Font Info:    ... okay on input line 271.
LaTeX Font Info:    Checking defaults for OMS/cmsy/m/n on input line 271.
LaTeX Font Info:    ... okay on input line 271.
LaTeX Font Info:    Checking defaults for OT1/cmr/m/n on input line 271.
LaTeX Font Info:    ... okay on input line 271.
LaTeX Font Info:    Checking defaults for T1/cmr/m/n on input line 271.
LaTeX Font Info:    ... okay on input line 271.
LaTeX Font Info:    Checking defaults for TS1/cmr/m/n on input line 271.
LaTeX Font Info:    ... okay on input line 271.
LaTeX Font Info:    Checking defaults for TU/lmr/m/n on input line 271.
LaTeX Font Info:    ... okay on input line 271.
LaTeX Font Info:    Checking defaults for OMX/cmex/m/n on input line 271.
LaTeX Font Info:    ... okay on input line 271.
LaTeX Font Info:    Checking defaults for U/cmr/m/n on input line 271.
LaTeX Font Info:    ... okay on input line 271.
LaTeX Font Info:    Checking defaults for PD1/pdf/m/n on input line 271.
LaTeX Font Info:    ... okay on input line 271.
LaTeX Font Info:    Checking defaults for PU/pdf/m/n on input line 271.
LaTeX Font Info:    ... okay on input line 271.
Package scrbase Info: activating english \abstractname on input line 271.
Package scrbase Info: activating english \partname on input line 271.
Package scrbase Info: activating english \chaptername on input line 271.
Package scrbase Info: activating english \appendixname on input line 271.
Package scrbase Info: activating english \figurename on input line 271.
Package scrbase Info: activating english \tablename on input line 271.
Package scrbase Info: activating english \contentsname on input line 271.
Package scrbase Info: activating english \listfigurename on input line 271.
Package scrbase Info: activating english \listtablename on input line 271.
Package scrbase Info: activating english \bibname on input line 271.
Package scrbase Info: activating english \indexname on input line 271.
LaTeX Font Info:    Overwriting math alphabet `\mathrm' in version `normal'
(Font)                  OT1/lmr/m/n --> TU/lmr/m/n on input line 271.
LaTeX Font Info:    Overwriting math alphabet `\mathit' in version `normal'
(Font)                  OT1/lmr/m/it --> TU/lmr/m/it on input line 271.
LaTeX Font Info:    Overwriting math alphabet `\mathbf' in version `normal'
(Font)                  OT1/lmr/bx/n --> TU/lmr/bx/n on input line 271.
LaTeX Font Info:    Overwriting math alphabet `\mathsf' in version `normal'
(Font)                  OT1/lmss/m/n --> TU/lmss/m/n on input line 271.
LaTeX Font Info:    Overwriting math alphabet `\mathsf' in version `bold'
(Font)                  OT1/lmss/bx/n --> TU/lmss/bx/n on input line 271.
LaTeX Font Info:    Overwriting math alphabet `\mathtt' in version `normal'
(Font)                  OT1/lmtt/m/n --> TU/lmtt/m/n on input line 271.
LaTeX Font Info:    Overwriting math alphabet `\mathtt' in version `bold'
(Font)                  OT1/lmtt/m/n --> TU/lmtt/bx/n on input line 271.

Package fontspec Info: 
(fontspec)             latinmodern-math scale = 0.9999967668407183.


Package fontspec Info: 
(fontspec)             latinmodern-math scale = 0.9999967668407183.


Package fontspec Info: 
(fontspec)             latinmodern-math scale = 0.9999967668407183.


Package fontspec Info: 
(fontspec)             Font family 'latinmodern-math.otf(0)' created for font
(fontspec)             'latinmodern-math.otf' with options
(fontspec)             [Scale=MatchLowercase,BoldItalicFont={},ItalicFont={},SmallCapsFont={},Script=Math,BoldFont={latinmodern-math.otf}].
(fontspec)              
(fontspec)              This font family consists of the following NFSS
(fontspec)             series/shapes:
(fontspec)              
(fontspec)             - 'normal' (m/n) with NFSS spec.:
(fontspec)             <->s*[0.9999967668407183]"[latinmodern-math.otf]/OT:script=math;language=dflt;"
(fontspec)             - 'bold' (b/n) with NFSS spec.:
(fontspec)             <->s*[0.9999967668407183]"[latinmodern-math.otf]/OT:script=math;language=dflt;"

LaTeX Font Info:    Font shape `TU/latinmodern-math.otf(0)/m/n' will be
(Font)              scaled to size 10.95pt on input line 271.

Package fontspec Info: 
(fontspec)             latinmodern-math scale = 0.9999967668407183.


Package fontspec Info: 
(fontspec)             latinmodern-math scale = 0.9999967668407183.


Package fontspec Info: 
(fontspec)             latinmodern-math scale = 0.9999967668407183.


Package fontspec Info: 
(fontspec)             latinmodern-math scale = 0.9999967668407183.


Package fontspec Info: 
(fontspec)             latinmodern-math scale = 0.9999967668407183.


Package fontspec Info: 
(fontspec)             Font family 'latinmodern-math.otf(1)' created for font
(fontspec)             'latinmodern-math.otf' with options
(fontspec)             [Scale=MatchLowercase,BoldItalicFont={},ItalicFont={},SmallCapsFont={},Script=Math,SizeFeatures={{Size=9.3075-},{Size=6.57-9.3075,Font=latinmodern-math.otf,Style=MathScript},{Size=-6.57,Font=latinmodern-math.otf,Style=MathScriptScript}},BoldFont={latinmodern-math.otf}].
(fontspec)              
(fontspec)              This font family consists of the following NFSS
(fontspec)             series/shapes:
(fontspec)              
(fontspec)             - 'normal' (m/n) with NFSS spec.:
(fontspec)             <9.3075->s*[0.9999967668407183]"[latinmodern-math.otf]/OT:script=math;language=dflt;"<6.57-9.3075>s*[0.9999967668407183]"[latinmodern-math.otf]/OT:script=math;language=dflt;+ssty=0;"<-6.57>s*[0.9999967668407183]"[latinmodern-math.otf]/OT:script=math;language=dflt;+ssty=1;"
(fontspec)             - 'bold' (b/n) with NFSS spec.:
(fontspec)             <->s*[0.9999967668407183]"[latinmodern-math.otf]/OT:script=math;language=dflt;"

LaTeX Font Info:    Font shape `TU/latinmodern-math.otf(1)/m/n' will be
(Font)              scaled to size 10.95pt on input line 271.
LaTeX Font Info:    Encoding `OT1' has changed to `TU' for symbol font
(Font)              `operators' in the math version `normal' on input line 271.
LaTeX Font Info:    Overwriting symbol font `operators' in version `normal'
(Font)                  OT1/lmr/m/n --> TU/latinmodern-math.otf(1)/m/n on input line 271.
LaTeX Font Info:    Encoding `OT1' has changed to `TU' for symbol font
(Font)              `operators' in the math version `bold' on input line 271.
LaTeX Font Info:    Overwriting symbol font `operators' in version `bold'
(Font)                  OT1/lmr/bx/n --> TU/latinmodern-math.otf(1)/b/n on input line 271.

Package fontspec Info: 
(fontspec)             latinmodern-math scale = 0.9999967668407183.


Package fontspec Info: 
(fontspec)             latinmodern-math scale = 1.000096766517402.


Package fontspec Info: 
(fontspec)             latinmodern-math scale = 0.9999967668407183.


Package fontspec Info: 
(fontspec)             latinmodern-math scale = 1.000096766517402.


Package fontspec Info: 
(fontspec)             latinmodern-math scale = 0.9999967668407183.


Package fontspec Info: 
(fontspec)             latinmodern-math scale = 1.000096766517402.


Package fontspec Info: 
(fontspec)             latinmodern-math scale = 0.9999967668407183.


Package fontspec Info: 
(fontspec)             latinmodern-math scale = 1.000096766517402.


Package fontspec Info: 
(fontspec)             latinmodern-math scale = 0.9999967668407183.


Package fontspec Info: 
(fontspec)             latinmodern-math scale = 1.000096766517402.


Package fontspec Info: 
(fontspec)             Font family 'latinmodern-math.otf(2)' created for font
(fontspec)             'latinmodern-math.otf' with options
(fontspec)             [Scale=MatchLowercase,BoldItalicFont={},ItalicFont={},SmallCapsFont={},Script=Math,SizeFeatures={{Size=9.3075-},{Size=6.57-9.3075,Font=latinmodern-math.otf,Style=MathScript},{Size=-6.57,Font=latinmodern-math.otf,Style=MathScriptScript}},BoldFont={latinmodern-math.otf},ScaleAgain=1.0001,FontAdjustment={\fontdimen
(fontspec)             8\font =7.41315pt\relax \fontdimen 9\font
(fontspec)             =4.3143pt\relax \fontdimen 10\font =4.8618pt\relax
(fontspec)             \fontdimen 11\font =7.5117pt\relax \fontdimen 12\font
(fontspec)             =3.77776pt\relax \fontdimen 13\font =3.97485pt\relax
(fontspec)             \fontdimen 14\font =3.97485pt\relax \fontdimen 15\font
(fontspec)             =3.16455pt\relax \fontdimen 16\font =2.70465pt\relax
(fontspec)             \fontdimen 17\font =2.70465pt\relax \fontdimen 18\font
(fontspec)             =2.7375pt\relax \fontdimen 19\font =2.19pt\relax
(fontspec)             \fontdimen 22\font =2.7375pt\relax \fontdimen 20\font
(fontspec)             =0pt\relax \fontdimen 21\font =0pt\relax }].
(fontspec)              
(fontspec)              This font family consists of the following NFSS
(fontspec)             series/shapes:
(fontspec)              
(fontspec)             - 'normal' (m/n) with NFSS spec.:
(fontspec)             <9.3075->s*[1.000096766517402]"[latinmodern-math.otf]/OT:script=math;language=dflt;"<6.57-9.3075>s*[1.000096766517402]"[latinmodern-math.otf]/OT:script=math;language=dflt;+ssty=0;"<-6.57>s*[1.000096766517402]"[latinmodern-math.otf]/OT:script=math;language=dflt;+ssty=1;"
(fontspec)             - 'bold' (b/n) with NFSS spec.:
(fontspec)             <->s*[1.000096766517402]"[latinmodern-math.otf]/OT:script=math;language=dflt;"

LaTeX Font Info:    Encoding `OMS' has changed to `TU' for symbol font
(Font)              `symbols' in the math version `normal' on input line 271.
LaTeX Font Info:    Overwriting symbol font `symbols' in version `normal'
(Font)                  OMS/lmsy/m/n --> TU/latinmodern-math.otf(2)/m/n on input line 271.
LaTeX Font Info:    Encoding `OMS' has changed to `TU' for symbol font
(Font)              `symbols' in the math version `bold' on input line 271.
LaTeX Font Info:    Overwriting symbol font `symbols' in version `bold'
(Font)                  OMS/lmsy/b/n --> TU/latinmodern-math.otf(2)/b/n on input line 271.

Package fontspec Info: 
(fontspec)             latinmodern-math scale = 0.9999967668407183.


Package fontspec Info: 
(fontspec)             latinmodern-math scale = 0.9998967671640342.


Package fontspec Info: 
(fontspec)             latinmodern-math scale = 0.9999967668407183.


Package fontspec Info: 
(fontspec)             latinmodern-math scale = 0.9998967671640342.


Package fontspec Info: 
(fontspec)             latinmodern-math scale = 0.9999967668407183.


Package fontspec Info: 
(fontspec)             latinmodern-math scale = 0.9998967671640342.


Package fontspec Info: 
(fontspec)             latinmodern-math scale = 0.9999967668407183.


Package fontspec Info: 
(fontspec)             latinmodern-math scale = 0.9998967671640342.


Package fontspec Info: 
(fontspec)             latinmodern-math scale = 0.9999967668407183.


Package fontspec Info: 
(fontspec)             latinmodern-math scale = 0.9998967671640342.


Package fontspec Info: 
(fontspec)             Font family 'latinmodern-math.otf(3)' created for font
(fontspec)             'latinmodern-math.otf' with options
(fontspec)             [Scale=MatchLowercase,BoldItalicFont={},ItalicFont={},SmallCapsFont={},Script=Math,SizeFeatures={{Size=9.3075-},{Size=6.57-9.3075,Font=latinmodern-math.otf,Style=MathScript},{Size=-6.57,Font=latinmodern-math.otf,Style=MathScriptScript}},BoldFont={latinmodern-math.otf},ScaleAgain=0.9999,FontAdjustment={\fontdimen
(fontspec)             8\font =0.438pt\relax \fontdimen 9\font =2.19pt\relax
(fontspec)             \fontdimen 10\font =1.82864pt\relax \fontdimen 11\font
(fontspec)             =1.21545pt\relax \fontdimen 12\font =6.56999pt\relax
(fontspec)             \fontdimen 13\font =0pt\relax }].
(fontspec)              
(fontspec)              This font family consists of the following NFSS
(fontspec)             series/shapes:
(fontspec)              
(fontspec)             - 'normal' (m/n) with NFSS spec.:
(fontspec)             <9.3075->s*[0.9998967671640342]"[latinmodern-math.otf]/OT:script=math;language=dflt;"<6.57-9.3075>s*[0.9998967671640342]"[latinmodern-math.otf]/OT:script=math;language=dflt;+ssty=0;"<-6.57>s*[0.9998967671640342]"[latinmodern-math.otf]/OT:script=math;language=dflt;+ssty=1;"
(fontspec)             - 'bold' (b/n) with NFSS spec.:
(fontspec)             <->s*[0.9998967671640342]"[latinmodern-math.otf]/OT:script=math;language=dflt;"

LaTeX Font Info:    Encoding `OMX' has changed to `TU' for symbol font
(Font)              `largesymbols' in the math version `normal' on input line 271.
LaTeX Font Info:    Overwriting symbol font `largesymbols' in version `normal'
(Font)                  OMX/lmex/m/n --> TU/latinmodern-math.otf(3)/m/n on input line 271.
LaTeX Font Info:    Encoding `OMX' has changed to `TU' for symbol font
(Font)              `largesymbols' in the math version `bold' on input line 271.
LaTeX Font Info:    Overwriting symbol font `largesymbols' in version `bold'
(Font)                  OMX/lmex/m/n --> TU/latinmodern-math.otf(3)/b/n on input line 271.
Package microtype Info: Patching varwidth to enable character protrusion.
\MT@vwid@leftmargin=\dimen328
\MT@vwid@rightmargin=\dimen329
LaTeX Info: Redefining \microtypecontext on input line 271.
Package microtype Info: Applying patch `item' on input line 271.
Package microtype Info: Applying patch `toc' on input line 271.
Package microtype Info: Applying patch `eqnum' on input line 271.
Package microtype Info: Applying patch `footnote' on input line 271.
Package microtype Info: Applying patch `verbatim' on input line 271.
LaTeX Info: Redefining \microtypesetup on input line 271.
Package microtype Info: Character protrusion enabled (level 2).
Package microtype Info: Using protrusion set `basicmath'.
Package microtype Info: No adjustment of tracking.
Package microtype Info: No adjustment of spacing.
Package microtype Info: No adjustment of kerning.
(/Users/bradcannell/Library/TinyTeX/texmf-dist/tex/latex/microtype/mt-LatinModernRoman.cfg
File: mt-LatinModernRoman.cfg 2021/02/21 v1.1 microtype config. file: Latin Modern Roman (RS)
)
Package hyperref Info: Link coloring ON on input line 271.

Package hyperref Warning: Rerun to get /PageLabels entry.

Package caption Info: Begin \AtBeginDocument code.
Package caption Info: End \AtBeginDocument code.
Package microtype Info: Loading generic protrusion settings for font family
(microtype)             `lmss' (encoding: TU).
(microtype)             For optimal results, create family-specific settings.
(microtype)             See the microtype manual for details.
LaTeX Font Info:    Font shape `TU/latinmodern-math.otf(1)/m/n' will be
(Font)              scaled to size 14.4pt on input line 273.
LaTeX Font Info:    Font shape `TU/latinmodern-math.otf(1)/m/n' will be
(Font)              scaled to size 10.0pt on input line 273.
LaTeX Font Info:    Font shape `TU/latinmodern-math.otf(1)/m/n' will be
(Font)              scaled to size 7.0pt on input line 273.
LaTeX Font Info:    Trying to load font information for OML+lmm on input line 273.
(/Users/bradcannell/Library/TinyTeX/texmf-dist/tex/latex/lm/omllmm.fd
File: omllmm.fd 2015/05/01 v1.6.1 Font defs for Latin Modern
)
LaTeX Font Info:    Font shape `TU/latinmodern-math.otf(2)/m/n' will be
(Font)              scaled to size 14.4013pt on input line 273.
LaTeX Font Info:    Font shape `TU/latinmodern-math.otf(2)/m/n' will be
(Font)              scaled to size 10.00092pt on input line 273.
LaTeX Font Info:    Font shape `TU/latinmodern-math.otf(2)/m/n' will be
(Font)              scaled to size 7.00064pt on input line 273.
LaTeX Font Info:    Font shape `TU/latinmodern-math.otf(3)/m/n' will be
(Font)              scaled to size 14.39845pt on input line 273.
LaTeX Font Info:    Font shape `TU/latinmodern-math.otf(3)/m/n' will be
(Font)              scaled to size 9.99893pt on input line 273.
LaTeX Font Info:    Font shape `TU/latinmodern-math.otf(3)/m/n' will be
(Font)              scaled to size 6.99925pt on input line 273.
LaTeX Font Info:    Trying to load font information for U+msa on input line 273.
(/Users/bradcannell/Library/TinyTeX/texmf-dist/tex/latex/amsfonts/umsa.fd
File: umsa.fd 2013/01/14 v3.01 AMS symbols A
) (/Users/bradcannell/Library/TinyTeX/texmf-dist/tex/latex/microtype/mt-msa.cfg
File: mt-msa.cfg 2006/02/04 v1.1 microtype config. file: AMS symbols (a) (RS)
)
LaTeX Font Info:    Trying to load font information for U+msb on input line 273.
(/Users/bradcannell/Library/TinyTeX/texmf-dist/tex/latex/amsfonts/umsb.fd
File: umsb.fd 2013/01/14 v3.01 AMS symbols B
) (/Users/bradcannell/Library/TinyTeX/texmf-dist/tex/latex/microtype/mt-msb.cfg
File: mt-msb.cfg 2005/06/01 v1.0 microtype config. file: AMS symbols (b) (RS)
)

[1



]
Package tocbasic Info: character protrusion at toc deactivated on input line 278.
No file index.toc.
\tf@toc=\write5
\openout5 = `index.toc'.



[2

]

[3

]
LaTeX Font Info:    Font shape `TU/latinmodern-math.otf(1)/m/n' will be
(Font)              scaled to size 7.665pt on input line 348.
LaTeX Font Info:    Font shape `TU/latinmodern-math.otf(1)/m/n' will be
(Font)              scaled to size 5.475pt on input line 348.
LaTeX Font Info:    Font shape `TU/latinmodern-math.otf(2)/m/n' will be
(Font)              scaled to size 10.95099pt on input line 348.
LaTeX Font Info:    Font shape `TU/latinmodern-math.otf(2)/m/n' will be
(Font)              scaled to size 7.66568pt on input line 348.
LaTeX Font Info:    Font shape `TU/latinmodern-math.otf(2)/m/n' will be
(Font)              scaled to size 5.4755pt on input line 348.
LaTeX Font Info:    Font shape `TU/latinmodern-math.otf(3)/m/n' will be
(Font)              scaled to size 10.94882pt on input line 348.
LaTeX Font Info:    Font shape `TU/latinmodern-math.otf(3)/m/n' will be
(Font)              scaled to size 7.66417pt on input line 348.
LaTeX Font Info:    Font shape `TU/latinmodern-math.otf(3)/m/n' will be
(Font)              scaled to size 5.47441pt on input line 348.
LaTeX Font Info:    Font shape `TU/latinmodern-math.otf(1)/m/n' will be
(Font)              scaled to size 9.0pt on input line 350.
LaTeX Font Info:    Font shape `TU/latinmodern-math.otf(1)/m/n' will be
(Font)              scaled to size 6.0pt on input line 350.
LaTeX Font Info:    Font shape `TU/latinmodern-math.otf(1)/m/n' will be
(Font)              scaled to size 5.0pt on input line 350.
LaTeX Font Info:    Font shape `TU/latinmodern-math.otf(2)/m/n' will be
(Font)              scaled to size 9.00082pt on input line 350.
LaTeX Font Info:    Font shape `TU/latinmodern-math.otf(2)/m/n' will be
(Font)              scaled to size 6.00055pt on input line 350.
LaTeX Font Info:    Font shape `TU/latinmodern-math.otf(2)/m/n' will be
(Font)              scaled to size 5.00046pt on input line 350.
LaTeX Font Info:    Font shape `TU/latinmodern-math.otf(3)/m/n' will be
(Font)              scaled to size 8.99904pt on input line 350.
LaTeX Font Info:    Font shape `TU/latinmodern-math.otf(3)/m/n' will be
(Font)              scaled to size 5.99936pt on input line 350.
LaTeX Font Info:    Font shape `TU/latinmodern-math.otf(3)/m/n' will be
(Font)              scaled to size 4.99947pt on input line 350.


[4

]

[5]
File: chapters/contributing/typo_on_screen.png Graphic file (type bmp)
<chapters/contributing/typo_on_screen.png>
File: chapters/contributing/edit_button.png Graphic file (type bmp)
<chapters/contributing/edit_button.png>
File: chapters/contributing/fork_button.png Graphic file (type bmp)
<chapters/contributing/fork_button.png>


[6

] (/Users/bradcannell/Library/TinyTeX/texmf-dist/tex/latex/microtype/mt-TU-empty.cfg
File: mt-TU-empty.cfg 2021/06/22 v1.1 microtype config. file: fonts with nonstandard glyph set (RS)
)
File: chapters/contributing/text_editor.png Graphic file (type bmp)
<chapters/contributing/text_editor.png>

Overfull \hbox (225.45448pt too wide) in paragraph at lines 503--504
[][] 
 []



[7]
File: chapters/contributing/fix_typo.png Graphic file (type bmp)
<chapters/contributing/fix_typo.png>

Overfull \hbox (228.36908pt too wide) in paragraph at lines 519--520
[][] 
 []

File: chapters/contributing/propose_changes.png Graphic file (type bmp)
<chapters/contributing/propose_changes.png>


[8]
File: chapters/contributing/create_pull_request_1.png Graphic file (type bmp)
<chapters/contributing/create_pull_request_1.png>

Overfull \hbox (161.1451pt too wide) in paragraph at lines 539--540
[][] 
 []



[9]
File: chapters/contributing/create_pull_request_2.png Graphic file (type bmp)
<chapters/contributing/create_pull_request_2.png>

Overfull \hbox (166.21516pt too wide) in paragraph at lines 553--554
[][] 
 []



[10]
File: chapters/contributing/create_pull_request_3.png Graphic file (type bmp)
<chapters/contributing/create_pull_request_3.png>
File: chapters/contributing/create_pull_request_4.png Graphic file (type bmp)
<chapters/contributing/create_pull_request_4.png>

Overfull \hbox (329.53787pt too wide) in paragraph at lines 571--572
[][] 
 []



[11]
File: chapters/contributing/create_pull_request_5.png Graphic file (type bmp)
<chapters/contributing/create_pull_request_5.png>

Overfull \hbox (12.98859pt too wide) in paragraph at lines 577--578
[][] 
 []



[12]

LaTeX Warning: Hyper reference `glossary-issue' on page 13 undefined on input line 586.

File: chapters/contributing/issue_tracker.png Graphic file (type bmp)
<chapters/contributing/issue_tracker.png>

Overfull \hbox (297.01382pt too wide) in paragraph at lines 590--591
[][] 
 []



[13]

[14]
File: chapters/about_the_authors/about_the_authors_files/figure-pdf/fa-icon-a4a233699ebb8edeaca4e7ae0455099b.pdf Graphic file (type pdf)
<use chapters/about_the_authors/about_the_authors_files/figure-pdf/fa-icon-a4a233699ebb8edeaca4e7ae0455099b.pdf>
File: chapters/about_the_authors/about_the_authors_files/figure-pdf/fa-icon-d19241927d9e636802f0f0caca52c0af.pdf Graphic file (type pdf)
<use chapters/about_the_authors/about_the_authors_files/figure-pdf/fa-icon-d19241927d9e636802f0f0caca52c0af.pdf>
File: chapters/about_the_authors/about_the_authors_files/figure-pdf/fa-icon-f2455331e499245af38ff1988a0023d4.pdf Graphic file (type pdf)
<use chapters/about_the_authors/about_the_authors_files/figure-pdf/fa-icon-f2455331e499245af38ff1988a0023d4.pdf>
File: chapters/about_the_authors/about_the_authors_files/figure-pdf/fa-icon-1cbfc0b82b7e84c9b17b238bfd9a886e.pdf Graphic file (type pdf)
<use chapters/about_the_authors/about_the_authors_files/figure-pdf/fa-icon-1cbfc0b82b7e84c9b17b238bfd9a886e.pdf>


[15

]
File: chapters/about_the_authors/about_the_authors_files/figure-pdf/fa-icon-a4a233699ebb8edeaca4e7ae0455099b.pdf Graphic file (type pdf)
<use chapters/about_the_authors/about_the_authors_files/figure-pdf/fa-icon-a4a233699ebb8edeaca4e7ae0455099b.pdf>
File: chapters/about_the_authors/about_the_authors_files/figure-pdf/fa-icon-ab37b36564b32e84e458655a90d49135.pdf Graphic file (type pdf)
<use chapters/about_the_authors/about_the_authors_files/figure-pdf/fa-icon-ab37b36564b32e84e458655a90d49135.pdf>


[16]
part I.
Package scrkbase Info: You've told me to use the font selection of the element
(scrkbase)             `partprefix' that is an alias of element `partnumber'
(scrkbase)              on input line 712.


[17

]
chapter 1.

LaTeX Warning: Hyper reference `glossary-r' on page 18 undefined on input line 716.


LaTeX Warning: Hyper reference `glossary-rstudio' on page 18 undefined on input line 720.

File: chapters/installing_r_and_rstudio/mac_cran.png Graphic file (type bmp)
<chapters/installing_r_and_rstudio/mac_cran.png>


[18

]
File: chapters/installing_r_and_rstudio/mac_download_r.png Graphic file (type bmp)
<chapters/installing_r_and_rstudio/mac_download_r.png>
File: chapters/installing_r_and_rstudio/mac_r_version.png Graphic file (type bmp)
<chapters/installing_r_and_rstudio/mac_r_version.png>


[19]
File: chapters/installing_r_and_rstudio/mac_install_r1.png Graphic file (type bmp)
<chapters/installing_r_and_rstudio/mac_install_r1.png>


[20]
File: chapters/installing_r_and_rstudio/mac_install_r2.png Graphic file (type bmp)
<chapters/installing_r_and_rstudio/mac_install_r2.png>
File: chapters/installing_r_and_rstudio/mac_view_r.png Graphic file (type bmp)
<chapters/installing_r_and_rstudio/mac_view_r.png>


[21]
File: chapters/installing_r_and_rstudio/mac_download_rstudio1.png Graphic file (type bmp)
<chapters/installing_r_and_rstudio/mac_download_rstudio1.png>

Overfull \hbox (228.36533pt too wide) in paragraph at lines 796--797
[][] 
 []

File: chapters/installing_r_and_rstudio/mac_install_rstudio1.png Graphic file (type bmp)
<chapters/installing_r_and_rstudio/mac_install_rstudio1.png>


[22]
File: chapters/installing_r_and_rstudio/mac_install_rstudio2.png Graphic file (type bmp)
<chapters/installing_r_and_rstudio/mac_install_rstudio2.png>
File: chapters/installing_r_and_rstudio/mac_open_rstudio.png Graphic file (type bmp)
<chapters/installing_r_and_rstudio/mac_open_rstudio.png>


[23]
File: chapters/installing_r_and_rstudio/mac_open_warning.png Graphic file (type bmp)
<chapters/installing_r_and_rstudio/mac_open_warning.png>
Missing character: There is no 🎉 (U+1F389) in font [lmroman10-regular]:mapping=tex-text;!
File: chapters/installing_r_and_rstudio/mac_view_rstudio.png Graphic file (type bmp)
<chapters/installing_r_and_rstudio/mac_view_rstudio.png>


[24]
File: chapters/installing_r_and_rstudio/pc_cran.png Graphic file (type bmp)
<chapters/installing_r_and_rstudio/pc_cran.png>


[25]
File: chapters/installing_r_and_rstudio/pc_download_r1.png Graphic file (type bmp)
<chapters/installing_r_and_rstudio/pc_download_r1.png>
File: chapters/installing_r_and_rstudio/pc_download_r2.png Graphic file (type bmp)
<chapters/installing_r_and_rstudio/pc_download_r2.png>


[26]
File: chapters/installing_r_and_rstudio/pc_download_r3.png Graphic file (type bmp)
<chapters/installing_r_and_rstudio/pc_download_r3.png>


[27]
File: chapters/installing_r_and_rstudio/pc_install_r1.png Graphic file (type bmp)
<chapters/installing_r_and_rstudio/pc_install_r1.png>
File: chapters/installing_r_and_rstudio/pc_install_r2.png Graphic file (type bmp)
<chapters/installing_r_and_rstudio/pc_install_r2.png>


[28]
File: chapters/installing_r_and_rstudio/pc_view_r.png Graphic file (type bmp)
<chapters/installing_r_and_rstudio/pc_view_r.png>
File: chapters/installing_r_and_rstudio/pc_download_rstudio1.png Graphic file (type bmp)
<chapters/installing_r_and_rstudio/pc_download_rstudio1.png>

Overfull \hbox (228.36533pt too wide) in paragraph at lines 875--876
[][] 
 []



[29]
File: chapters/installing_r_and_rstudio/pc_install_rstudio1.png Graphic file (type bmp)
<chapters/installing_r_and_rstudio/pc_install_rstudio1.png>


[30]
File: chapters/installing_r_and_rstudio/pc_install_rstudio2.png Graphic file (type bmp)
<chapters/installing_r_and_rstudio/pc_install_rstudio2.png>
File: chapters/installing_r_and_rstudio/pc_view_rstudio1.png Graphic file (type bmp)
<chapters/installing_r_and_rstudio/pc_view_rstudio1.png>


[31]
Missing character: There is no 🎉 (U+1F389) in font [lmroman10-regular]:mapping=tex-text;!
File: chapters/installing_r_and_rstudio/pc_view_rstudio2.png Graphic file (type bmp)
<chapters/installing_r_and_rstudio/pc_view_rstudio2.png>


[32]
chapter 2.
File: chapters/what_is_r/table.png Graphic file (type bmp)
<chapters/what_is_r/table.png>

Overfull \hbox (10.94806pt too wide) in paragraph at lines 927--928
[][] 
 []



[33

]
File: chapters/what_is_r/table_cells.png Graphic file (type bmp)
<chapters/what_is_r/table_cells.png>

Overfull \hbox (10.94806pt too wide) in paragraph at lines 931--932
[][] 
 []



[34]
File: chapters/what_is_r/table_columns.png Graphic file (type bmp)
<chapters/what_is_r/table_columns.png>

Overfull \hbox (10.94806pt too wide) in paragraph at lines 947--948
[][] 
 []


Underfull \hbox (badness 10000) in paragraph at lines 959--962

 []


Underfull \hbox (badness 10000) in paragraph at lines 962--966

 []

File: chapters/what_is_r/table_column_name.png Graphic file (type bmp)
<chapters/what_is_r/table_column_name.png>

Overfull \hbox (10.94806pt too wide) in paragraph at lines 971--972
[][] 
 []



[35]
File: chapters/what_is_r/table_rows.png Graphic file (type bmp)
<chapters/what_is_r/table_rows.png>

Overfull \hbox (10.94806pt too wide) in paragraph at lines 976--977
[][] 
 []

File: chapters/what_is_r/table_values.png Graphic file (type bmp)
<chapters/what_is_r/table_values.png>

Overfull \hbox (10.94806pt too wide) in paragraph at lines 980--981
[][] 
 []



[36]
File: chapters/what_is_r/r_logo.png Graphic file (type bmp)
<chapters/what_is_r/r_logo.png>

Overfull \hbox (10.94806pt too wide) in paragraph at lines 988--989
[] 
 []



[37]
Missing character: There is no 😂 (U+1F602) in font [lmroman10-regular]:mapping=tex-text;!
File: chapters/what_is_r/competencies_overview.png Graphic file (type bmp)
<chapters/what_is_r/competencies_overview.png>

Overfull \hbox (10.94806pt too wide) in paragraph at lines 999--1000
[][] 
 []



[38]
File: chapters/what_is_r/competencies_transfer.png Graphic file (type bmp)
<chapters/what_is_r/competencies_transfer.png>

Overfull \hbox (10.94806pt too wide) in paragraph at lines 1003--1004
[] 
 []



[39]
File: chapters/what_is_r/competencies_manage.png Graphic file (type bmp)
<chapters/what_is_r/competencies_manage.png>

Overfull \hbox (10.94806pt too wide) in paragraph at lines 1015--1016
[] 
 []


Underfull \hbox (badness 10000) in paragraph at lines 1025--1028

 []


Underfull \hbox (badness 10000) in paragraph at lines 1028--1031

 []


Underfull \hbox (badness 10000) in paragraph at lines 1031--1035

 []



[40]
File: chapters/what_is_r/competencies_analysis.png Graphic file (type bmp)
<chapters/what_is_r/competencies_analysis.png>

Overfull \hbox (10.94806pt too wide) in paragraph at lines 1063--1064
[] 
 []


Underfull \hbox (badness 10000) in paragraph at lines 1074--1077

 []



[41]
Underfull \hbox (badness 10000) in paragraph at lines 1077--1080

 []


Underfull \hbox (badness 10000) in paragraph at lines 1080--1083

 []

File: chapters/what_is_r/competencies_present.png Graphic file (type bmp)
<chapters/what_is_r/competencies_present.png>

Overfull \hbox (10.94806pt too wide) in paragraph at lines 1090--1091
[] 
 []



[42]

[43]
chapter 3.

LaTeX Warning: Reference `fig-rstudio' on page 44 undefined on input line 1141.

File: chapters/navigating_rstudio/rstudio.png Graphic file (type bmp)
<chapters/navigating_rstudio/rstudio.png>
File: chapters/navigating_rstudio/console.png Graphic file (type bmp)
<chapters/navigating_rstudio/console.png>


[44

]

LaTeX Warning: Hyper reference `glossary-console' on page 45 undefined on input line 1182.

File: chapters/navigating_rstudio/one_plus_one.png Graphic file (type bmp)
<chapters/navigating_rstudio/one_plus_one.png>
File: chapters/navigating_rstudio/seq_function.png Graphic file (type bmp)
<chapters/navigating_rstudio/seq_function.png>

LaTeX Warning: Reference `fig-seq-function' on page 45 undefined on input line 1218.



[45]

[46]

[47]

LaTeX Warning: Reference `fig-seq-function' on page 48 undefined on input line 1235.


LaTeX Warning: Hyper reference `glossary-arguments' on page 48 undefined on input line 1261.


LaTeX Warning: Hyper reference `glossary-returns' on page 48 undefined on input line 1267.


LaTeX Warning: Hyper reference `glossary-pass' on page 48 undefined on input line 1270.


LaTeX Warning: Hyper reference `glossary-arguments' on page 48 undefined on input line 1283.


LaTeX Warning: Hyper reference `glossary-pass' on page 48 undefined on input line 1287.



[48]

LaTeX Warning: Hyper reference `glossary-return' on page 49 undefined on input line 1294.


LaTeX Warning: Reference `fig-environment-pane' on page 49 undefined on input line 1314.

File: chapters/navigating_rstudio/environment_pane.png Graphic file (type bmp)
<chapters/navigating_rstudio/environment_pane.png>

LaTeX Warning: Reference `fig-environment-pane' on page 49 undefined on input line 1335.

File: chapters/navigating_rstudio/environment_pane2.png Graphic file (type bmp)
<chapters/navigating_rstudio/environment_pane2.png>

LaTeX Warning: Reference `fig-environment-pane2' on page 49 undefined on input line 1353.



[49]

[50]

[51]

LaTeX Warning: Reference `fig-files-pane' on page 52 undefined on input line 1407.

File: chapters/navigating_rstudio/files_pane.png Graphic file (type bmp)
<chapters/navigating_rstudio/files_pane.png>
File: chapters/navigating_rstudio/help.png Graphic file (type bmp)
<chapters/navigating_rstudio/help.png>

LaTeX Warning: Reference `fig-help' on page 52 undefined on input line 1440.


LaTeX Warning: Reference `fig-source1' on page 52 undefined on input line 1455.

File: chapters/navigating_rstudio/source1.png Graphic file (type bmp)
<chapters/navigating_rstudio/source1.png>


[52]

[53]

[54]
File: chapters/navigating_rstudio/source2.png Graphic file (type bmp)
<chapters/navigating_rstudio/source2.png>
File: chapters/navigating_rstudio/source3.png Graphic file (type bmp)
<chapters/navigating_rstudio/source3.png>
File: chapters/navigating_rstudio/preferences1.png Graphic file (type bmp)
<chapters/navigating_rstudio/preferences1.png>


[55]

[56]

[57]

[58]
File: chapters/navigating_rstudio/preferences3.png Graphic file (type bmp)
<chapters/navigating_rstudio/preferences3.png>
File: chapters/navigating_rstudio/preferences4.png Graphic file (type bmp)
<chapters/navigating_rstudio/preferences4.png>


[59]

[60]
chapter 4.
LaTeX Font Info:    Font shape `TU/lmss/bx/it' in size <14.4> not available
(Font)              Font shape `TU/lmss/bx/sl' tried instead on input line 1586.

Overfull \hbox (13.13986pt too wide) in paragraph at lines 1619--1619
[] \TU/lmtt/m/n/10.95 [1]   2   4   6   8  10  12  14  16  18  20  22  24  26  28  30  32  34  36  38[] 
 []


Overfull \hbox (13.13986pt too wide) in paragraph at lines 1620--1620
[]\TU/lmtt/m/n/10.95 [20]  40  42  44  46  48  50  52  54  56  58  60  62  64  66  68  70  72  74  76[] 
 []



[61

]

LaTeX Warning: Hyper reference `glossary-logic-error' on page 62 undefined on input line 1684.



[62]

LaTeX Warning: Hyper reference `glossary-syntax' on page 63 undefined on input line 1694.


LaTeX Warning: Hyper reference `glossary-functions' on page 63 undefined on input line 1717.

File: chapters/speaking_r/factory1.png Graphic file (type bmp)
<chapters/speaking_r/factory1.png>


[63]

LaTeX Warning: Reference `sec-navigating-rstudio' on page 64 undefined on input line 1736.

File: chapters/speaking_r/factory2.png Graphic file (type bmp)
<chapters/speaking_r/factory2.png>


[64]
Overfull \hbox (13.13986pt too wide) in paragraph at lines 1772--1772
[] \TU/lmtt/m/n/10.95 [1]   2   4   6   8  10  12  14  16  18  20  22  24  26  28  30  32  34  36  38[] 
 []


Overfull \hbox (13.13986pt too wide) in paragraph at lines 1773--1773
[]\TU/lmtt/m/n/10.95 [20]  40  42  44  46  48  50  52  54  56  58  60  62  64  66  68  70  72  74  76[] 
 []



[65]
Overfull \hbox (13.13986pt too wide) in paragraph at lines 1797--1797
[] \TU/lmtt/m/n/10.95 [1]   2   4   6   8  10  12  14  16  18  20  22  24  26  28  30  32  34  36  38[] 
 []


Overfull \hbox (13.13986pt too wide) in paragraph at lines 1798--1798
[]\TU/lmtt/m/n/10.95 [20]  40  42  44  46  48  50  52  54  56  58  60  62  64  66  68  70  72  74  76[] 
 []


LaTeX Warning: Reference `sec-the-files-pane' on page 66 undefined on input line 1814.

File: chapters/speaking_r/help.png Graphic file (type bmp)
<chapters/speaking_r/help.png>


[66]

[67]
Overfull \hbox (13.13986pt too wide) in paragraph at lines 1907--1907
[] \TU/lmtt/m/n/10.95 [1]   2   4   6   8  10  12  14  16  18  20  22  24  26  28  30  32  34  36  38[] 
 []


Overfull \hbox (13.13986pt too wide) in paragraph at lines 1908--1908
[]\TU/lmtt/m/n/10.95 [20]  40  42  44  46  48  50  52  54  56  58  60  62  64  66  68  70  72  74  76[] 
 []


Overfull \hbox (13.13986pt too wide) in paragraph at lines 1922--1922
[] \TU/lmtt/m/n/10.95 [1]   2   4   6   8  10  12  14  16  18  20  22  24  26  28  30  32  34  36  38[] 
 []


Overfull \hbox (13.13986pt too wide) in paragraph at lines 1923--1923
[]\TU/lmtt/m/n/10.95 [20]  40  42  44  46  48  50  52  54  56  58  60  62  64  66  68  70  72  74  76[] 
 []

File: chapters/speaking_r/objects.png Graphic file (type bmp)
<chapters/speaking_r/objects.png>


[68]
File: chapters/speaking_r/language.png Graphic file (type bmp)
<chapters/speaking_r/language.png>

Overfull \hbox (10.94806pt too wide) in paragraph at lines 1980--1981
[][] 
 []



[69]

[70]

[71]

[72]

LaTeX Warning: Reference `sec-coding-best-practices' on page 73 undefined on input line 2179.



[73]
chapter 5.


[74

]
Missing character: There is no 👆 (U+1F446) in font [lmroman10-regular]:mapping=tex-text;!


[75]

[76]

[77]

LaTeX Warning: Reference `sec-numerical-descriptions-of-categorical-variables' on page 78 undefined on input line 2494.



[78]

LaTeX Warning: Reference `sec-numerical-descriptions-of-categorical-variables' on page 79 undefined on input line 2558.



[79]
Missing character: There is no 👆 (U+1F446) in font [lmroman10-regular]:mapping=tex-text;!


[80]
Missing character: There is no 👆 (U+1F446) in font [lmroman10-regular]:mapping=tex-text;!


[81]

LaTeX Warning: Reference `sec-numerical-descriptions-of-categorical-variables' on page 82 undefined on input line 2720.

Missing character: There is no 👆 (U+1F446) in font [lmroman10-regular]:mapping=tex-text;!


[82]

[83]

LaTeX Warning: Reference `sec-speaking-rs-language' on page 84 undefined on input line 2856.

Missing character: There is no 🤷 (U+1F937) in font [lmroman10-regular]:mapping=tex-text;!
Missing character: There is no 💪 (U+1F4AA) in font [lmroman10-regular]:mapping=tex-text;!


[84]
Missing character: There is no 👆 (U+1F446) in font [lmroman10-regular]:mapping=tex-text;!


[85]
Missing character: There is no 👆 (U+1F446) in font [lmroman10-regular]:mapping=tex-text;!


[86]
Missing character: There is no 👆 (U+1F446) in font [lmroman10-regular]:mapping=tex-text;!


[87]
Missing character: There is no 👆 (U+1F446) in font [lmroman10-regular]:mapping=tex-text;!


[88]

[89]

[90]

[91]
Missing character: There is no 🎉 (U+1F389) in font [lmroman10-regular]:mapping=tex-text;!
Missing character: There is no 👆 (U+1F446) in font [lmroman10-regular]:mapping=tex-text;!


[92]
Missing character: There is no 👆 (U+1F446) in font [lmroman10-regular]:mapping=tex-text;!


[93]

[94]
Missing character: There is no 👆 (U+1F446) in font [lmroman10-regular]:mapping=tex-text;!
Missing character: There is no 👆 (U+1F446) in font [lmroman10-regular]:mapping=tex-text;!


[95]
Missing character: There is no 👆 (U+1F446) in font [lmroman10-regular]:mapping=tex-text;!
Missing character: There is no 🤯 (U+1F92F) in font [lmroman10-regular]:mapping=tex-text;!


[96]

[97]
Missing character: There is no 👆 (U+1F446) in font [lmroman10-regular]:mapping=tex-text;!


[98]
Missing character: There is no 👆 (U+1F446) in font [lmroman10-regular]:mapping=tex-text;!


[99]

[100]
chapter 6.

LaTeX Warning: Hyper reference `errors' on page 101 undefined on input line 3954.



[101

]

[102]
File: chapters/asking_questions/so_1.png Graphic file (type bmp)
<chapters/asking_questions/so_1.png>

Overfull \hbox (10.95055pt too wide) in paragraph at lines 4062--4063
[][] 
 []



[103]
File: chapters/asking_questions/so_2.png Graphic file (type bmp)
<chapters/asking_questions/so_2.png>

Overfull \hbox (10.9503pt too wide) in paragraph at lines 4067--4068
[][] 
 []



[104]

LaTeX Warning: Reference `sec-quarto-files' on page 105 undefined on input line 4089.



[105]
File: chapters/asking_questions/so_3_code_block.png Graphic file (type bmp)
<chapters/asking_questions/so_3_code_block.png>

Overfull \hbox (10.96661pt too wide) in paragraph at lines 4094--4095
[][] 
 []



[106]
File: chapters/asking_questions/so_4_edit.png Graphic file (type bmp)
<chapters/asking_questions/so_4_edit.png>

Overfull \hbox (10.95486pt too wide) in paragraph at lines 4130--4131
[][] 
 []


Overfull \hbox (37.03825pt too wide) in paragraph at lines 4156--4158
[]\TU/lmr/m/n/10.95 RStudio Community Tips for writing R-related questions: https://community.rstudio.com/t/faq-
 []



[107]

[108]

[109]
Missing character: There is no 🤓 (U+1F913) in font [lmroman10-regular]:mapping=tex-text;!


[110]

[111]
part II.
Package scrkbase Info: You've told me to use the font selection of the element
(scrkbase)             `partprefix' that is an alias of element `partnumber'
(scrkbase)              on input line 4345.


[112

]
chapter 7.

LaTeX Warning: Reference `fig-using-console' on page 113 undefined on input line 4350.

File: chapters/r_scripts/using_console.png Graphic file (type bmp)
<chapters/r_scripts/using_console.png>

LaTeX Warning: Reference `fig-history' on page 113 undefined on input line 4373.

File: chapters/r_scripts/history.png Graphic file (type bmp)
<chapters/r_scripts/history.png>


[113

]
Underfull \hbox (badness 10000) in paragraph at lines 4412--4415

 []


Underfull \hbox (badness 10000) in paragraph at lines 4415--4417

 []


Underfull \hbox (badness 10000) in paragraph at lines 4417--4420

 []

File: chapters/r_scripts/example_script.png Graphic file (type bmp)
<chapters/r_scripts/example_script.png>


[114]

LaTeX Warning: Reference `fig-example-script' on page 115 undefined on input line 4441.


Underfull \hbox (badness 10000) in paragraph at lines 4454--4456

 []


Underfull \hbox (badness 10000) in paragraph at lines 4456--4458

 []



[115]
File: chapters/r_scripts/counter.png Graphic file (type bmp)
<chapters/r_scripts/counter.png>

LaTeX Warning: Reference `fig-counter' on page 116 undefined on input line 4537.


LaTeX Warning: Reference `fig-example-script' on page 116 undefined on input line 4541.



[116]

LaTeX Warning: Reference `fig-new-r-script1' on page 117 undefined on input line 4548.

File: chapters/r_scripts/new_r_script1.png Graphic file (type bmp)
<chapters/r_scripts/new_r_script1.png>
File: chapters/r_scripts/new_r_script2.png Graphic file (type bmp)
<chapters/r_scripts/new_r_script2.png>
File: chapters/r_scripts/new_r_script3.png Graphic file (type bmp)
<chapters/r_scripts/new_r_script3.png>


[117]

[118]

LaTeX Warning: Reference `fig-example-script' on page 119 undefined on input line 4590.



[119]
chapter 8.

LaTeX Warning: Reference `fig-example-Quarto' on page 120 undefined on input line 4611.


LaTeX Warning: Reference `fig-example-script' on page 120 undefined on input line 4613.

File: chapters/quarto_files/example_Quarto_file.png Graphic file (type bmp)
<chapters/quarto_files/example_Quarto_file.png>


[120

]

LaTeX Warning: Reference `fig-rendered-preview' on page 121 undefined on input line 4634.

File: chapters/quarto_files/rendered_preview.png Graphic file (type bmp)
<chapters/quarto_files/rendered_preview.png>

LaTeX Warning: Reference `fig-Quarto-files' on page 121 undefined on input line 4657.

File: chapters/quarto_files/Quarto_files.png Graphic file (type bmp)
<chapters/quarto_files/Quarto_files.png>

LaTeX Warning: Reference `fig-Quarto-files' on page 121 undefined on input line 4673.


LaTeX Warning: Reference `fig-rendered-preview' on page 121 undefined on input line 4683.



[121]

LaTeX Warning: Reference `fig-example-Quarto' on page 122 undefined on input line 4705.


LaTeX Warning: Reference `fig-example-Quarto' on page 122 undefined on input line 4711.



[122]

LaTeX Warning: Reference `fig-new-Quarto-document-01' on page 123 undefined on input line 4759.

File: chapters/quarto_files/new_Quarto_document_01.png Graphic file (type bmp)
<chapters/quarto_files/new_Quarto_document_01.png>

LaTeX Warning: Reference `fig-new-Quarto-document-02' on page 123 undefined on input line 4776.

File: chapters/quarto_files/new_Quarto_document_02.png Graphic file (type bmp)
<chapters/quarto_files/new_Quarto_document_02.png>


[123]

[124]
File: chapters/quarto_files/new_Quarto_document_03.png Graphic file (type bmp)
<chapters/quarto_files/new_Quarto_document_03.png>

LaTeX Warning: Reference `fig-new-Quarto-document-04' on page 125 undefined on input line 4812.

File: chapters/quarto_files/new_Quarto_document_04.png Graphic file (type bmp)
<chapters/quarto_files/new_Quarto_document_04.png>

LaTeX Warning: Hyper reference `markdown' on page 125 undefined on input line 4843.


LaTeX Warning: Reference `fig-new-Quarto-document-04' on page 125 undefined on input line 4844.



[125]

LaTeX Warning: Reference `fig-new-Quarto-document-04' on page 126 undefined on input line 4863.


LaTeX Warning: Reference `fig-new-Quarto-document-04' on page 126 undefined on input line 4870.


LaTeX Warning: Reference `fig-new-Quarto-document-04' on page 126 undefined on input line 4882.


LaTeX Warning: Reference `fig-new-Quarto-document-04' on page 126 undefined on input line 4885.



[126]
File: chapters/quarto_files/render.png Graphic file (type bmp)
<chapters/quarto_files/render.png>

LaTeX Warning: Reference `fig-rendered-Quarto-document' on page 127 undefined on input line 4913.

File: chapters/quarto_files/rendered_Quarto_document.png Graphic file (type bmp)
<chapters/quarto_files/rendered_Quarto_document.png>


[127]

LaTeX Warning: Reference `fig-new-Quarto-document-04' on page 128 undefined on input line 4959.



[128]

LaTeX Warning: Reference `fig-Quarto-run-code-chunks' on page 129 undefined on input line 4972.

File: chapters/quarto_files/Quarto_run_code_chunks.png Graphic file (type bmp)
<chapters/quarto_files/Quarto_run_code_chunks.png>

LaTeX Warning: Reference `fig-new-Quarto-document-04' on page 129 undefined on input line 4999.


LaTeX Warning: Reference `fig-rendered-Quarto-document' on page 129 undefined on input line 5000.



[129]

LaTeX Warning: Reference `fig-new-Quarto-document-04' on page 130 undefined on input line 5020.


LaTeX Warning: Reference `fig-Quarto-headings' on page 130 undefined on input line 5074.



[130]
File: chapters/quarto_files/Quarto_headings.png Graphic file (type bmp)
<chapters/quarto_files/Quarto_headings.png>


[131]

[132]
chapter 9.

LaTeX Warning: Hyper reference `file-paths' on page 133 undefined on input line 5148.

File: chapters/r_projects/create_01_icon.png Graphic file (type bmp)
<chapters/r_projects/create_01_icon.png>

Overfull \hbox (10.93338pt too wide) in paragraph at lines 5157--5158
[][] 
 []

File: chapters/r_projects/create_02_new_project.png Graphic file (type bmp)
<chapters/r_projects/create_02_new_project.png>


[133

]
Overfull \hbox (10.93338pt too wide) in paragraph at lines 5163--5164
[][] 
 []

File: chapters/r_projects/create_03_new_directory.png Graphic file (type bmp)
<chapters/r_projects/create_03_new_directory.png>

Overfull \hbox (10.93338pt too wide) in paragraph at lines 5169--5170
[][] 
 []



[134]
File: chapters/r_projects/create_04_new_project.png Graphic file (type bmp)
<chapters/r_projects/create_04_new_project.png>

Overfull \hbox (10.93338pt too wide) in paragraph at lines 5173--5174
[][] 
 []


LaTeX Warning: Hyper reference `object-variable-names' on page 135 undefined on input line 5182.

Missing character: There is no 😆 (U+1F606) in font [lmroman10-regular]:mapping=tex-text;!


[135]
File: chapters/r_projects/create_05_directory.png Graphic file (type bmp)
<chapters/r_projects/create_05_directory.png>

Overfull \hbox (10.93338pt too wide) in paragraph at lines 5197--5198
[][] 
 []

File: chapters/r_projects/create_06_rproj_file.png Graphic file (type bmp)
<chapters/r_projects/create_06_rproj_file.png>

Overfull \hbox (10.93338pt too wide) in paragraph at lines 5207--5208
[][] 
 []



[136]
File: chapters/r_projects/open_rproj.png Graphic file (type bmp)
<chapters/r_projects/open_rproj.png>

Overfull \hbox (10.93338pt too wide) in paragraph at lines 5226--5227
[][] 
 []



[137]
File: chapters/r_projects/check_rproj.png Graphic file (type bmp)
<chapters/r_projects/check_rproj.png>

Overfull \hbox (10.93338pt too wide) in paragraph at lines 5234--5235
[][] 
 []



[138]

LaTeX Warning: Hyper reference `file-paths' on page 139 undefined on input line 5254.



[139]
chapter 10.
Missing character: There is no 🏆 (U+1F3C6) in font [lmroman10-regular]:mapping=tex-text;!


[140

]

[141]

[142]

[143]

[144]

[145]
Underfull \hbox (badness 10000) in paragraph at lines 5636--5638

 []


Underfull \hbox (badness 10000) in paragraph at lines 5667--5670

 []



[146]
Underfull \hbox (badness 10000) in paragraph at lines 5670--5673

 []


Underfull \hbox (badness 10000) in paragraph at lines 5688--5690

 []


Overfull \hbox (14.94102pt too wide) in paragraph at lines 5708--5710
[]\TU/lmr/m/it/10.95 Example\TU/lmr/m/n/10.95 : \TU/lmtt/m/n/10.95 first_quarter_report.Rmd \TU/lmr/m/n/10.95 creates \TU/lmtt/m/n/10.95 docs/first_quarter_report.pdf 
 []



[147]
chapter 11.
Missing character: There is no 🤔 (U+1F914) in font [lmroman10-regular]:mapping=tex-text;!
Missing character: There is no 🤔 (U+1F914) in font [lmroman10-regular]:mapping=tex-text;!
Missing character: There is no 🤔 (U+1F914) in font [lmroman10-regular]:mapping=tex-text;!

LaTeX Warning: Hyper reference `nesting-functions' on page 148 undefined on input line 5753.


LaTeX Warning: Hyper reference `glossary-nesting-functions' on page 148 undefined on input line 5757.

Missing character: There is no 👆 (U+1F446) in font [lmroman10-regular]:mapping=tex-text;!


[148

]
Underfull \hbox (badness 10000) in paragraph at lines 5790--5793

 []


Underfull \hbox (badness 1762) in paragraph at lines 5793--5797
[]\TU/lmr/m/n/10.95 Then we used the \TU/lmtt/m/n/10.95 log() \TU/lmr/m/n/10.95 function to create a new vector of numbers called
 []


Underfull \hbox (badness 10000) in paragraph at lines 5793--5797

 []


Overfull \hbox (4.37993pt too wide) in paragraph at lines 5797--5801
[]\TU/lmr/m/n/10.95 Then we used the \TU/lmtt/m/n/10.95 mean() \TU/lmr/m/n/10.95 function to create a new vector called \TU/lmtt/m/n/10.95 mean_my_numbers_logged\TU/lmr/m/n/10.95 ,
 []


Underfull \hbox (badness 10000) in paragraph at lines 5797--5801

 []

Missing character: There is no 👍 (U+1F44D) in font [lmroman10-regular]:mapping=tex-text;!
Missing character: There is no 👎 (U+1F44E) in font [lmroman10-regular]:mapping=tex-text;!
Missing character: There is no 👆 (U+1F446) in font [lmroman10-regular]:mapping=tex-text;!
Missing character: There is no 👍 (U+1F44D) in font [lmroman10-regular]:mapping=tex-text;!


[149]
Missing character: There is no 👎 (U+1F44E) in font [lmroman10-regular]:mapping=tex-text;!
Missing character: There is no 👆 (U+1F446) in font [lmroman10-regular]:mapping=tex-text;!
Missing character: There is no 👏 (U+1F44F) in font [lmroman10-regular]:mapping=tex-text;!


[150]
File: chapters/using_pipes/left_right.png Graphic file (type bmp)
<chapters/using_pipes/left_right.png>
File: chapters/using_pipes/right_side.png Graphic file (type bmp)
<chapters/using_pipes/right_side.png>
File: chapters/using_pipes/left_side.png Graphic file (type bmp)
<chapters/using_pipes/left_side.png>
File: chapters/using_pipes/pipe.png Graphic file (type bmp)
<chapters/using_pipes/pipe.png>


[151]

[152]

[153]
Missing character: There is no 👆 (U+1F446) in font [lmroman10-regular]:mapping=tex-text;!


[154]

[155]

[156]

[157]

[158]
part III.
Package scrkbase Info: You've told me to use the font selection of the element
(scrkbase)             `partprefix' that is an alias of element `partnumber'
(scrkbase)              on input line 6285.


[159

]
chapter 12.

LaTeX Warning: Hyper reference `transferring-data' on page 160 undefined on input line 6301.

File: chapters/data_transfer/competencies_transfer.png Graphic file (type bmp)
<chapters/data_transfer/competencies_transfer.png>


[160

]

[161]
chapter 13.
File: chapters/file_paths/store.png Graphic file (type bmp)
<chapters/file_paths/store.png>

Overfull \hbox (10.94806pt too wide) in paragraph at lines 6333--6334
[][] 
 []

File: chapters/file_paths/directions.png Graphic file (type bmp)
<chapters/file_paths/directions.png>

Overfull \hbox (10.93338pt too wide) in paragraph at lines 6338--6339
[][] 
 []



[162

]
File: chapters/file_paths/locations.png Graphic file (type bmp)
<chapters/file_paths/locations.png>

Overfull \hbox (10.94806pt too wide) in paragraph at lines 6351--6352
[][] 
 []



[163]
File: chapters/file_paths/ntrhd.png Graphic file (type bmp)
<chapters/file_paths/ntrhd.png>

Overfull \hbox (10.94806pt too wide) in paragraph at lines 6356--6357
[][] 
 []

File: chapters/file_paths/my_study_data.png Graphic file (type bmp)
<chapters/file_paths/my_study_data.png>

Overfull \hbox (10.94806pt too wide) in paragraph at lines 6360--6361
[][] 
 []



[164]

[165]
Underfull \hbox (badness 10000) in paragraph at lines 6431--6433
[]\TU/lmtt/m/n/10.95 C:/Users/bradcannell/Desktop/research/my studies/my_study_data.csv \TU/lmr/m/n/10.95 (On Win-
 []

File: chapters/file_paths/get_info.png Graphic file (type bmp)
<chapters/file_paths/get_info.png>

Overfull \hbox (10.94806pt too wide) in paragraph at lines 6445--6446
[][] 
 []



[166]
File: chapters/file_paths/where.png Graphic file (type bmp)
<chapters/file_paths/where.png>

Overfull \hbox (10.94806pt too wide) in paragraph at lines 6450--6451
[][] 
 []



[167]

LaTeX Warning: Hyper reference `importing-microsoft-excel-spreadsheets' on page 168 undefined on input line 6483.

File: chapters/file_paths/relative_file_paths_01_absolute_brad.png Graphic file (type bmp)
<chapters/file_paths/relative_file_paths_01_absolute_brad.png>

Overfull \hbox (10.93338pt too wide) in paragraph at lines 6488--6489
[][] 
 []



[168]
File: chapters/file_paths/relative_file_paths_02_absolute_arthur.png Graphic file (type bmp)
<chapters/file_paths/relative_file_paths_02_absolute_arthur.png>

Overfull \hbox (10.93338pt too wide) in paragraph at lines 6502--6503
[][] 
 []



[169]
Underfull \hbox (badness 1521) in paragraph at lines 6504--6512
\TU/lmr/m/n/10.95 The error tells him that the path \TU/lmtt/m/n/10.95 /Users/bradcannell/Dropbox/02 Teaching/R4Epi
 []


Overfull \hbox (20.4348pt too wide) in paragraph at lines 6504--6512
\TU/lmr/m/n/10.95 it doesn’t! The file \TU/lmtt/m/n/10.95 form_20.xlsx \TU/lmr/m/n/10.95 exists, but not at the location \TU/lmtt/m/n/10.95 /Users/bradcannell/Dropbox/02
 []

File: chapters/file_paths/directions.png Graphic file (type bmp)
<chapters/file_paths/directions.png>

Overfull \hbox (10.93338pt too wide) in paragraph at lines 6517--6518
[][] 
 []



[170]
File: chapters/file_paths/directions_relative.png Graphic file (type bmp)
<chapters/file_paths/directions_relative.png>

Overfull \hbox (10.93338pt too wide) in paragraph at lines 6549--6550
[][] 
 []



[171]

LaTeX Warning: Reference `sec-r-projects' on page 172 undefined on input line 6565.

File: chapters/file_paths/relative_file_paths_03_check_project.png Graphic file (type bmp)
<chapters/file_paths/relative_file_paths_03_check_project.png>

Overfull \hbox (10.93338pt too wide) in paragraph at lines 6570--6571
[][] 
 []



[172]
File: chapters/file_paths/relative_file_paths_04_check_files.png Graphic file (type bmp)
<chapters/file_paths/relative_file_paths_04_check_files.png>

Overfull \hbox (10.93338pt too wide) in paragraph at lines 6586--6587
[][] 
 []



[173]
File: chapters/file_paths/relative_file_paths_05_relative_path_brad.png Graphic file (type bmp)
<chapters/file_paths/relative_file_paths_05_relative_path_brad.png>

Overfull \hbox (10.93338pt too wide) in paragraph at lines 6601--6602
[][] 
 []



[174]
File: chapters/file_paths/relative_file_paths_06_relative_path_arthur.png Graphic file (type bmp)
<chapters/file_paths/relative_file_paths_06_relative_path_arthur.png>

Overfull \hbox (10.93338pt too wide) in paragraph at lines 6609--6610
[][] 
 []



[175]

[176]
chapter 14.

LaTeX Warning: Hyper reference `plain-text-files' on page 177 undefined on input line 6665.


LaTeX Warning: Hyper reference `binary-files' on page 177 undefined on input line 6666.

File: chapters/importing_plain_text/files.png Graphic file (type bmp)
<chapters/importing_plain_text/files.png>


[177

]

[178]
File: chapters/importing_plain_text/space.png Graphic file (type bmp)
<chapters/importing_plain_text/space.png>

Overfull \hbox (13.13986pt too wide) in paragraph at lines 6757--6757
[]\TU/lmtt/m/n/10.95 -- Column specification --------------------------------------------------------[] 
 []



[179]
Overfull \hbox (18.88861pt too wide) in paragraph at lines 6763--6763
[]\TU/lmtt/m/n/10.95 i Specify the column types or set []show_col_types = FALSE[] to quiet this message.[] 
 []

Missing character: There is no 👆 (U+1F446) in font [lmroman10-regular]:mapping=tex-text;!


[180]
File: chapters/importing_plain_text/space.png Graphic file (type bmp)
<chapters/importing_plain_text/space.png>


[181]
Overfull \hbox (13.13986pt too wide) in paragraph at lines 6877--6877
[]\TU/lmtt/m/n/10.95 -- Column specification --------------------------------------------------------[] 
 []


Overfull \hbox (18.88861pt too wide) in paragraph at lines 6883--6883
[]\TU/lmtt/m/n/10.95 i Specify the column types or set []show_col_types = FALSE[] to quiet this message.[] 
 []

Missing character: There is no 👆 (U+1F446) in font [lmroman10-regular]:mapping=tex-text;!


[182]
File: chapters/importing_plain_text/tab.png Graphic file (type bmp)
<chapters/importing_plain_text/tab.png>

Overfull \hbox (13.13986pt too wide) in paragraph at lines 6952--6952
[]\TU/lmtt/m/n/10.95 -- Column specification --------------------------------------------------------[] 
 []


Overfull \hbox (18.88861pt too wide) in paragraph at lines 6958--6958
[]\TU/lmtt/m/n/10.95 i Specify the column types or set []show_col_types = FALSE[] to quiet this message.[] 
 []



[183]
Missing character: There is no 👆 (U+1F446) in font [lmroman10-regular]:mapping=tex-text;!

Overfull \hbox (13.13986pt too wide) in paragraph at lines 7010--7010
[]\TU/lmtt/m/n/10.95 -- Column specification --------------------------------------------------------[] 
 []


Overfull \hbox (18.88861pt too wide) in paragraph at lines 7016--7016
[]\TU/lmtt/m/n/10.95 i Specify the column types or set []show_col_types = FALSE[] to quiet this message.[] 
 []



[184]
File: chapters/importing_plain_text/fixed_width.png Graphic file (type bmp)
<chapters/importing_plain_text/fixed_width.png>
File: chapters/importing_plain_text/number_line_spaces.png Graphic file (type bmp)
<chapters/importing_plain_text/number_line_spaces.png>


[185]
Overfull \hbox (13.13986pt too wide) in paragraph at lines 7078--7078
[]\TU/lmtt/m/n/10.95 -- Column specification --------------------------------------------------------[] 
 []



[186]
Missing character: There is no 👆 (U+1F446) in font [lmroman10-regular]:mapping=tex-text;!
File: chapters/importing_plain_text/number_line.png Graphic file (type bmp)
<chapters/importing_plain_text/number_line.png>


[187]
Overfull \hbox (13.13986pt too wide) in paragraph at lines 7142--7142
[]\TU/lmtt/m/n/10.95 -- Column specification --------------------------------------------------------[] 
 []



[188]
Overfull \hbox (13.13986pt too wide) in paragraph at lines 7203--7203
[]\TU/lmtt/m/n/10.95 -- Column specification --------------------------------------------------------[] 
 []


Overfull \hbox (18.88861pt too wide) in paragraph at lines 7209--7209
[]\TU/lmtt/m/n/10.95 i Specify the column types or set []show_col_types = FALSE[] to quiet this message.[] 
 []

Missing character: There is no 👆 (U+1F446) in font [lmroman10-regular]:mapping=tex-text;!


[189]
File: chapters/importing_plain_text/number_line.png Graphic file (type bmp)
<chapters/importing_plain_text/number_line.png>


[190]
Overfull \hbox (13.13986pt too wide) in paragraph at lines 7315--7315
[]\TU/lmtt/m/n/10.95 -- Column specification --------------------------------------------------------[] 
 []


Overfull \hbox (18.88861pt too wide) in paragraph at lines 7321--7321
[]\TU/lmtt/m/n/10.95 i Specify the column types or set []show_col_types = FALSE[] to quiet this message.[] 
 []

Missing character: There is no 👆 (U+1F446) in font [lmroman10-regular]:mapping=tex-text;!


[191]
File: chapters/importing_plain_text/number_line.png Graphic file (type bmp)
<chapters/importing_plain_text/number_line.png>


[192]
Overfull \hbox (13.13986pt too wide) in paragraph at lines 7443--7443
[]\TU/lmtt/m/n/10.95 -- Column specification --------------------------------------------------------[] 
 []



[193]
Overfull \hbox (18.88861pt too wide) in paragraph at lines 7449--7449
[]\TU/lmtt/m/n/10.95 i Specify the column types or set []show_col_types = FALSE[] to quiet this message.[] 
 []

File: chapters/importing_plain_text/csv_plain_text.png Graphic file (type bmp)
<chapters/importing_plain_text/csv_plain_text.png>


[194]
File: chapters/importing_plain_text/csv_excel.png Graphic file (type bmp)
<chapters/importing_plain_text/csv_excel.png>


[195]
Overfull \hbox (13.13986pt too wide) in paragraph at lines 7510--7510
[]\TU/lmtt/m/n/10.95 -- Column specification --------------------------------------------------------[] 
 []


Overfull \hbox (18.88861pt too wide) in paragraph at lines 7516--7516
[]\TU/lmtt/m/n/10.95 i Specify the column types or set []show_col_types = FALSE[] to quiet this message.[] 
 []

Missing character: There is no 👆 (U+1F446) in font [lmroman10-regular]:mapping=tex-text;!


[196]
File: chapters/importing_plain_text/csv_complex.png Graphic file (type bmp)
<chapters/importing_plain_text/csv_complex.png>


[197]

[198]
Overfull \hbox (7.39111pt too wide) in paragraph at lines 7667--7667
[]\TU/lmtt/m/n/10.95 Specify the column types or set []show_col_types = FALSE[] to quiet this message.[] 
 []


Overfull \hbox (13.13986pt too wide) in paragraph at lines 7680--7680
[]  \TU/lmtt/m/n/10.95 Var1...1 Var1...2        Var3                   Var4                     Notes[] 
 []


Overfull \hbox (13.13986pt too wide) in paragraph at lines 7681--7681
[]  \TU/lmtt/m/n/10.95 <chr>    <chr>           <chr>                  <chr>                    <chr>[] 
 []


Overfull \hbox (7.39111pt too wide) in paragraph at lines 7682--7682
[]\TU/lmtt/m/n/10.95 1 <NA>     <NA>            <NA>                   <NA>                     <NA>[] 
 []


Overfull \hbox (7.39111pt too wide) in paragraph at lines 7683--7683
[]\TU/lmtt/m/n/10.95 2 Study ID Participant Sex Paticipant Height (in) Participant Weight (lbs) <NA>[] 
 []


Overfull \hbox (7.39111pt too wide) in paragraph at lines 7684--7684
[]\TU/lmtt/m/n/10.95 3 1        Male            71                     190                      <NA>[] 
 []


Overfull \hbox (7.39111pt too wide) in paragraph at lines 7685--7685
[]\TU/lmtt/m/n/10.95 4 2        Male            <NA>                   176                      <NA>[] 
 []


Overfull \hbox (7.39111pt too wide) in paragraph at lines 7686--7686
[]\TU/lmtt/m/n/10.95 5 3        Female          64                     130                      <NA>[] 
 []


Overfull \hbox (13.13986pt too wide) in paragraph at lines 7687--7687
[]\TU/lmtt/m/n/10.95 6 4        Female          65                     Missing                  Call~[] 
 []


Overfull \hbox (13.13986pt too wide) in paragraph at lines 7704--7704
[]\TU/lmtt/m/n/10.95 -- Column specification --------------------------------------------------------[] 
 []


Overfull \hbox (18.88861pt too wide) in paragraph at lines 7709--7709
[]\TU/lmtt/m/n/10.95 i Specify the column types or set []show_col_types = FALSE[] to quiet this message.[] 
 []


Overfull \hbox (13.13986pt too wide) in paragraph at lines 7715--7715
[]  \TU/lmtt/m/n/10.95 <chr>    <chr>           <chr>                  <chr>                    <chr>[] 
 []



[199]
Overfull \hbox (13.13986pt too wide) in paragraph at lines 7716--7716
[]\TU/lmtt/m/n/10.95 1 Var1     Var1            Var3                   Var4                     Notes[] 
 []


Overfull \hbox (7.39111pt too wide) in paragraph at lines 7717--7717
[]\TU/lmtt/m/n/10.95 2 <NA>     <NA>            <NA>                   <NA>                     <NA>[] 
 []


Overfull \hbox (7.39111pt too wide) in paragraph at lines 7718--7718
[]\TU/lmtt/m/n/10.95 3 Study ID Participant Sex Paticipant Height (in) Participant Weight (lbs) <NA>[] 
 []


Overfull \hbox (7.39111pt too wide) in paragraph at lines 7719--7719
[]\TU/lmtt/m/n/10.95 4 1        Male            71                     190                      <NA>[] 
 []


Overfull \hbox (7.39111pt too wide) in paragraph at lines 7720--7720
[]\TU/lmtt/m/n/10.95 5 2        Male            <NA>                   176                      <NA>[] 
 []


Overfull \hbox (7.39111pt too wide) in paragraph at lines 7721--7721
[]\TU/lmtt/m/n/10.95 6 3        Female          64                     130                      <NA>[] 
 []


Overfull \hbox (13.13986pt too wide) in paragraph at lines 7722--7722
[]\TU/lmtt/m/n/10.95 7 4        Female          65                     Missing                  Call~[] 
 []

Missing character: There is no 👆 (U+1F446) in font [lmroman10-regular]:mapping=tex-text;!

Overfull \hbox (47.63235pt too wide) in paragraph at lines 7758--7758
[]\TU/lmtt/m/n/10.95 Warning: One or more parsing issues, call []problems()[] on your data frame for details,[] 
 []



[200]
Missing character: There is no 👆 (U+1F446) in font [lmroman10-regular]:mapping=tex-text;!


[201]
Overfull \hbox (47.63235pt too wide) in paragraph at lines 7842--7842
[]\TU/lmtt/m/n/10.95 Warning: One or more parsing issues, call []problems()[] on your data frame for details,[] 
 []

Missing character: There is no 👆 (U+1F446) in font [lmroman10-regular]:mapping=tex-text;!


[202]
Missing character: There is no 🤯 (U+1F92F) in font [lmroman10-regular]:mapping=tex-text;!
Missing character: There is no 📦 (U+1F4E6) in font [lmroman10-regular]:mapping=tex-text;!


[203]
chapter 15.
File: chapters/importing_binary_files/files.png Graphic file (type bmp)
<chapters/importing_binary_files/files.png>


[204

]
File: chapters/importing_binary_files/excel.png Graphic file (type bmp)
<chapters/importing_binary_files/excel.png>


[205]
Missing character: There is no 👆 (U+1F446) in font [lmroman10-regular]:mapping=tex-text;!
File: chapters/importing_binary_files/excel_complex.png Graphic file (type bmp)
<chapters/importing_binary_files/excel_complex.png>


[206]
File: chapters/importing_binary_files/data_dictionary.png Graphic file (type bmp)
<chapters/importing_binary_files/data_dictionary.png>


[207]
Overfull \hbox (7.39111pt too wide) in paragraph at lines 8084--8084
[]  []\TU/lmtt/m/n/10.95 Height and Weight Study\r\nData Dictionary[] ...2                        ...3[] 
 []


Overfull \hbox (13.13986pt too wide) in paragraph at lines 8085--8085
[]  \TU/lmtt/m/n/10.95 <chr>                                        <chr>                       <chr>[] 
 []


Overfull \hbox (7.39111pt too wide) in paragraph at lines 8086--8086
[]\TU/lmtt/m/n/10.95 1 <NA>                                         <NA>                        <NA>[] 
 []


Overfull \hbox (7.39111pt too wide) in paragraph at lines 8087--8087
[]\TU/lmtt/m/n/10.95 2 Variable                                     Definition                  Type[] 
 []


Overfull \hbox (13.13986pt too wide) in paragraph at lines 8088--8088
[]\TU/lmtt/m/n/10.95 3 Study ID                                     Randomly assigned particip~ Cont~[] 
 []


Overfull \hbox (13.13986pt too wide) in paragraph at lines 8089--8089
[]\TU/lmtt/m/n/10.95 4 Assigned Sex at Birth                        Sex the participant was as~ Dich~[] 
 []


Overfull \hbox (13.13986pt too wide) in paragraph at lines 8090--8090
[]\TU/lmtt/m/n/10.95 5 Height (inches)                              Participant[]s height in in~ Cont~[] 
 []


Overfull \hbox (13.13986pt too wide) in paragraph at lines 8091--8091
[]\TU/lmtt/m/n/10.95 6 Weight (lbs)                                 Participant[]s weight in po~ Cont~[] 
 []


Overfull \hbox (7.39111pt too wide) in paragraph at lines 8092--8092
[]\TU/lmtt/m/n/10.95 7 Date of Birth                                Participant[]s date of birth Date[] 
 []



[208]
Overfull \hbox (13.13986pt too wide) in paragraph at lines 8093--8093
[]\TU/lmtt/m/n/10.95 8 Annual Household Income                      Participant[]s annual house~ Cont~[] 
 []



[209]

[210]
Missing character: There is no 👆 (U+1F446) in font [lmroman10-regular]:mapping=tex-text;!


[211]
File: chapters/importing_binary_files/download_brfss.png Graphic file (type bmp)
<chapters/importing_binary_files/download_brfss.png>

Overfull \hbox (13.13986pt too wide) in paragraph at lines 8307--8307
[]  []\TU/lmtt/m/n/10.95 _STATE[] FMONTH IDATE    IMONTH IDAY  IYEAR DISPCODE SEQNO     []_PSU[] CTELENM1[] 
 []


Overfull \hbox (13.13986pt too wide) in paragraph at lines 8308--8308
[]     \TU/lmtt/m/n/10.95 <dbl>  <dbl> <chr>    <chr>  <chr> <chr>    <dbl> <chr>      <dbl>    <dbl>[] 
 []


Overfull \hbox (13.13986pt too wide) in paragraph at lines 8309--8309
[]\TU/lmtt/m/n/10.95 1        1      1 01052018 01     05    2018      1100 20180000~ 2.02e9        1[] 
 []


Overfull \hbox (13.13986pt too wide) in paragraph at lines 8310--8310
[]\TU/lmtt/m/n/10.95 2        1      1 01122018 01     12    2018      1100 20180000~ 2.02e9        1[] 
 []


Overfull \hbox (13.13986pt too wide) in paragraph at lines 8311--8311
[]\TU/lmtt/m/n/10.95 3        1      1 01082018 01     08    2018      1100 20180000~ 2.02e9        1[] 
 []


Overfull \hbox (13.13986pt too wide) in paragraph at lines 8312--8312
[]\TU/lmtt/m/n/10.95 4        1      1 01032018 01     03    2018      1100 20180000~ 2.02e9        1[] 
 []


Overfull \hbox (13.13986pt too wide) in paragraph at lines 8313--8313
[]\TU/lmtt/m/n/10.95 5        1      1 01122018 01     12    2018      1100 20180000~ 2.02e9        1[] 
 []


Overfull \hbox (13.13986pt too wide) in paragraph at lines 8314--8314
[]\TU/lmtt/m/n/10.95 6        1      1 01112018 01     11    2018      1100 20180000~ 2.02e9        1[] 
 []



[212]
Overfull \hbox (7.39111pt too wide) in paragraph at lines 8316--8316
[]\TU/lmtt/m/n/10.95 #   CELLFON4 <dbl>, LADULT <dbl>, NUMADULT <dbl>, NUMMEN <dbl>, NUMWOMEN <dbl>,[] 
 []

Missing character: There is no 👆 (U+1F446) in font [lmroman10-regular]:mapping=tex-text;!
File: chapters/importing_binary_files/nhanes_link.png Graphic file (type bmp)
<chapters/importing_binary_files/nhanes_link.png>


[213]
File: chapters/importing_binary_files/copy_link_address.png Graphic file (type bmp)
<chapters/importing_binary_files/copy_link_address.png>
Missing character: There is no 😲 (U+1F632) in font [lmroman10-regular]:mapping=tex-text;!

Overfull \hbox (7.39111pt too wide) in paragraph at lines 8375--8375
[]   \TU/lmtt/m/n/10.95 SEQN SDDSRVYR RIDSTATR RIAGENDR RIDAGEYR RIDAGEMN RIDRETH1 RIDRETH3 RIDEXMON[] 
 []


Overfull \hbox (7.39111pt too wide) in paragraph at lines 8376--8376
[]  \TU/lmtt/m/n/10.95 <dbl>    <dbl>    <dbl>    <dbl>    <dbl>    <dbl>    <dbl>    <dbl>    <dbl>[] 
 []


Overfull \hbox (7.39111pt too wide) in paragraph at lines 8377--8377
[]\TU/lmtt/m/n/10.95 1 93703       10        2        2        2       NA        5        6        2[] 
 []


Overfull \hbox (7.39111pt too wide) in paragraph at lines 8378--8378
[]\TU/lmtt/m/n/10.95 2 93704       10        2        1        2       NA        3        3        1[] 
 []


Overfull \hbox (7.39111pt too wide) in paragraph at lines 8379--8379
[]\TU/lmtt/m/n/10.95 3 93705       10        2        2       66       NA        4        4        2[] 
 []


Overfull \hbox (7.39111pt too wide) in paragraph at lines 8380--8380
[]\TU/lmtt/m/n/10.95 4 93706       10        2        1       18       NA        5        6        2[] 
 []


Overfull \hbox (7.39111pt too wide) in paragraph at lines 8381--8381
[]\TU/lmtt/m/n/10.95 5 93707       10        2        1       13       NA        5        7        2[] 
 []


Overfull \hbox (7.39111pt too wide) in paragraph at lines 8382--8382
[]\TU/lmtt/m/n/10.95 6 93708       10        2        2       66       NA        5        6        2[] 
 []



[214]
Missing character: There is no 👆 (U+1F446) in font [lmroman10-regular]:mapping=tex-text;!
Missing character: There is no 👆 (U+1F446) in font [lmroman10-regular]:mapping=tex-text;!


[215]
chapter 16.
File: chapters/rstudio_import_tool/import_button.png Graphic file (type bmp)
<chapters/rstudio_import_tool/import_button.png>
File: chapters/rstudio_import_tool/readr.png Graphic file (type bmp)
<chapters/rstudio_import_tool/readr.png>


[216

]
File: chapters/rstudio_import_tool/import_window.png Graphic file (type bmp)
<chapters/rstudio_import_tool/import_window.png>
File: chapters/rstudio_import_tool/browse.png Graphic file (type bmp)
<chapters/rstudio_import_tool/browse.png>


[217]
File: chapters/rstudio_import_tool/select_file.png Graphic file (type bmp)
<chapters/rstudio_import_tool/select_file.png>


[218]
File: chapters/rstudio_import_tool/overview.png Graphic file (type bmp)
<chapters/rstudio_import_tool/overview.png>
File: chapters/rstudio_import_tool/integer.png Graphic file (type bmp)
<chapters/rstudio_import_tool/integer.png>


[219]
File: chapters/rstudio_import_tool/copy_and_paste.png Graphic file (type bmp)
<chapters/rstudio_import_tool/copy_and_paste.png>


[220]

[221]
chapter 17.
Missing character: There is no 👆 (U+1F446) in font [lmroman10-regular]:mapping=tex-text;!


[222

]
Missing character: There is no 👆 (U+1F446) in font [lmroman10-regular]:mapping=tex-text;!


[223]

LaTeX Warning: Reference `sec-lets-get-programming' on page 224 undefined on input line 8706.

Missing character: There is no 👆 (U+1F446) in font [lmroman10-regular]:mapping=tex-text;!


[224]

[225]
part IV.
Package scrkbase Info: You've told me to use the font selection of the element
(scrkbase)             `partprefix' that is an alias of element `partnumber'
(scrkbase)              on input line 8779.


[226

]
chapter 18.

Underfull \hbox (badness 10000) in paragraph at lines 8816--8818

 []


Underfull \hbox (badness 10000) in paragraph at lines 8819--8821

 []

File: chapters/intro_descriptive_analysis/flowchart_num_and_cat.png Graphic file (type bmp)
<chapters/intro_descriptive_analysis/flowchart_num_and_cat.png>


[227

]
File: chapters/intro_descriptive_analysis/flowchart_num_only.png Graphic file (type bmp)
<chapters/intro_descriptive_analysis/flowchart_num_only.png>
File: chapters/intro_descriptive_analysis/flowchart_cat_only.png Graphic file (type bmp)
<chapters/intro_descriptive_analysis/flowchart_cat_only.png>


[228]
File: chapters/intro_descriptive_analysis/flowchart_full.png Graphic file (type bmp)
<chapters/intro_descriptive_analysis/flowchart_full.png>


[229]
chapter 19.
File: chapters/categorical_variables/flowchart_cat_numerical.png Graphic file (type bmp)
<chapters/categorical_variables/flowchart_cat_numerical.png>
File: chapters/categorical_variables/categorical_variables_01.jpeg Graphic file (type bmp)
<chapters/categorical_variables/categorical_variables_01.jpeg>


[230

]
File: chapters/categorical_variables/categorical_variables_02.jpeg Graphic file (type bmp)
<chapters/categorical_variables/categorical_variables_02.jpeg>


[231]

LaTeX Warning: Hyper reference `glossary-frequency-count' on page 232 undefined on input line 8903.


LaTeX Warning: Hyper reference `glossary-frequency-count' on page 232 undefined on input line 8905.


LaTeX Warning: Hyper reference `glossary-frequency-count' on page 232 undefined on input line 8906.


LaTeX Warning: Hyper reference `glossary-frequency-count' on page 232 undefined on input line 8907.


LaTeX Warning: Hyper reference `glossary-proportion' on page 232 undefined on input line 8908.


LaTeX Warning: Hyper reference `glossary-percentage' on page 232 undefined on input line 8909.

File: chapters/categorical_variables/categorical_variables_03.jpeg Graphic file (type bmp)
<chapters/categorical_variables/categorical_variables_03.jpeg>


[232]

[233]
Missing character: There is no 👆 (U+1F446) in font [lmroman10-regular]:mapping=tex-text;!


[234]
Missing character: There is no 👎 (U+1F44E) in font [lmroman10-regular]:mapping=tex-text;!
Missing character: There is no 😫 (U+1F62B) in font [lmroman10-regular]:mapping=tex-text;!
Missing character: There is no 👎 (U+1F44E) in font [lmroman10-regular]:mapping=tex-text;!
Missing character: There is no 👎 (U+1F44E) in font [lmroman10-regular]:mapping=tex-text;!


[235]
Missing character: There is no 👆 (U+1F446) in font [lmroman10-regular]:mapping=tex-text;!


[236]

[237]
Missing character: There is no 👍 (U+1F44D) in font [lmroman10-regular]:mapping=tex-text;!


[238]
Missing character: There is no 👆 (U+1F446) in font [lmroman10-regular]:mapping=tex-text;!
Missing character: There is no 👍 (U+1F44D) in font [lmroman10-regular]:mapping=tex-text;!


[239]
Overfull \hbox (13.13986pt too wide) in paragraph at lines 9330--9330
[]\TU/lmtt/m/n/10.95 2 002      67     1 Less than high school Less than high school Less than high ~[] 
 []


Overfull \hbox (13.13986pt too wide) in paragraph at lines 9331--9331
[]\TU/lmtt/m/n/10.95 3 003      52     4 College graduate      College graduate      College graduate[] 
 []


Overfull \hbox (13.13986pt too wide) in paragraph at lines 9332--9332
[]\TU/lmtt/m/n/10.95 4 004      56     2 High school graduate  High school graduate  High school gra~[] 
 []



[240]
Overfull \hbox (13.13986pt too wide) in paragraph at lines 9396--9396
[]  \TU/lmtt/m/n/10.95 id      age   edu edu_char              edu_f       edu_5cat_f edu_f_from_char[] 
 []


Overfull \hbox (13.13986pt too wide) in paragraph at lines 9399--9399
[]\TU/lmtt/m/n/10.95 2 002      67     1 Less than high school Less than ~ Less than~ Less than high~[] 
 []


Overfull \hbox (13.13986pt too wide) in paragraph at lines 9400--9400
[]\TU/lmtt/m/n/10.95 3 003      52     4 College graduate      College gr~ College g~ College gradua~[] 
 []


Overfull \hbox (13.13986pt too wide) in paragraph at lines 9401--9401
[]\TU/lmtt/m/n/10.95 4 004      56     2 High school graduate  High schoo~ High scho~ High school gr~[] 
 []

Missing character: There is no 👆 (U+1F446) in font [lmroman10-regular]:mapping=tex-text;!


[241]

[242]
Missing character: There is no 👆 (U+1F446) in font [lmroman10-regular]:mapping=tex-text;!
File: chapters/categorical_variables/next_button.png Graphic file (type bmp)
<chapters/categorical_variables/next_button.png>


[243]

[244]

[245]
Missing character: There is no 👆 (U+1F446) in font [lmroman10-regular]:mapping=tex-text;!

LaTeX Warning: Hyper reference `glossary-split-apply-combine' on page 246 undefined on input line 9702.



[246]
Missing character: There is no 👆 (U+1F446) in font [lmroman10-regular]:mapping=tex-text;!


[247]
Missing character: There is no 👆 (U+1F446) in font [lmroman10-regular]:mapping=tex-text;!
Missing character: There is no 👆 (U+1F446) in font [lmroman10-regular]:mapping=tex-text;!


[248]
Missing character: There is no 👆 (U+1F446) in font [lmroman10-regular]:mapping=tex-text;!


[249]
Missing character: There is no 👆 (U+1F446) in font [lmroman10-regular]:mapping=tex-text;!

LaTeX Warning: Hyper reference `glossary-complete-case-analysis' on page 250 undefined on input line 9947.



[250]
Missing character: There is no 👆 (U+1F446) in font [lmroman10-regular]:mapping=tex-text;!


[251]
Missing character: There is no 👆 (U+1F446) in font [lmroman10-regular]:mapping=tex-text;!


[252]
Missing character: There is no 👆 (U+1F446) in font [lmroman10-regular]:mapping=tex-text;!


[253]
Missing character: There is no 🏆 (U+1F3C6) in font [lmroman10-regular]:mapping=tex-text;!


[254]
chapter 20.
File: chapters/central_tendency/flowchart_num_numerical.png Graphic file (type bmp)
<chapters/central_tendency/flowchart_num_numerical.png>

Underfull \hbox (badness 10000) in paragraph at lines 10195--10197

 []


Underfull \hbox (badness 10000) in paragraph at lines 10197--10199

 []

File: chapters/central_tendency/central_tendency_01.png Graphic file (type bmp)
<chapters/central_tendency/central_tendency_01.png>

Overfull \hbox (73.58705pt too wide) in paragraph at lines 10204--10205
 [][] 
 []



[255

]
File: chapters/central_tendency/central_tendency_02.png Graphic file (type bmp)
<chapters/central_tendency/central_tendency_02.png>

Overfull \hbox (73.58705pt too wide) in paragraph at lines 10220--10221
 [][] 
 []



[256]

LaTeX Warning: Hyper reference `glossary-mean' on page 257 undefined on input line 10230.

Missing character: There is no 👍 (U+1F44D) in font [lmroman10-regular]:mapping=tex-text;!
Missing character: There is no 👍 (U+1F44D) in font [lmroman10-regular]:mapping=tex-text;!
Missing character: There is no 👎 (U+1F44E) in font [lmroman10-regular]:mapping=tex-text;!
Missing character: There is no 👎 (U+1F44E) in font [lmroman10-regular]:mapping=tex-text;!


[257]
File: chapters/central_tendency/central_tendency_03.png Graphic file (type bmp)
<chapters/central_tendency/central_tendency_03.png>

Overfull \hbox (73.58705pt too wide) in paragraph at lines 10264--10265
 [][] 
 []


LaTeX Warning: Hyper reference `glossary-median' on page 258 undefined on input line 10272.

Missing character: There is no 👍 (U+1F44D) in font [lmroman10-regular]:mapping=tex-text;!
Missing character: There is no 👍 (U+1F44D) in font [lmroman10-regular]:mapping=tex-text;!
Missing character: There is no 👎 (U+1F44E) in font [lmroman10-regular]:mapping=tex-text;!
Missing character: There is no 👍 (U+1F44D) in font [lmroman10-regular]:mapping=tex-text;!
File: chapters/central_tendency/central_tendency_04.png Graphic file (type bmp)
<chapters/central_tendency/central_tendency_04.png>

Overfull \hbox (73.58705pt too wide) in paragraph at lines 10287--10288
 [][] 
 []



[258]

LaTeX Warning: Hyper reference `glossary-mode' on page 259 undefined on input line 10295.

Missing character: There is no 👍 (U+1F44D) in font [lmroman10-regular]:mapping=tex-text;!
Missing character: There is no 👎 (U+1F44E) in font [lmroman10-regular]:mapping=tex-text;!
Missing character: There is no 👍 (U+1F44D) in font [lmroman10-regular]:mapping=tex-text;!

Overfull \vbox (0.62029pt too high) detected at line 10318
 []



[259]
Missing character: There is no 👆 (U+1F446) in font [lmroman10-regular]:mapping=tex-text;!


[260]
Missing character: There is no 👆 (U+1F446) in font [lmroman10-regular]:mapping=tex-text;!
Missing character: There is no 👆 (U+1F446) in font [lmroman10-regular]:mapping=tex-text;!


[261]
LaTeX Font Info:    Font shape `TU/lmtt/bx/n' in size <10.95> not available
(Font)              Font shape `TU/lmtt/b/n' tried instead on input line 10466.


[262]
Missing character: There is no 👆 (U+1F446) in font [lmroman10-regular]:mapping=tex-text;!
Missing character: There is no 👆 (U+1F446) in font [lmroman10-regular]:mapping=tex-text;!


[263]
Missing character: There is no 🚩 (U+1F6A9) in font [lmroman10-regular]:mapping=tex-text;!

LaTeX Warning: Hyper reference `glossary-complete-case-analysis' on page 264 undefined on input line 10625.


Overfull \hbox (4.55516pt too wide) in paragraph at lines 10620--10630
\TU/lmr/m/n/10.95 In [][]numerical descriptions of categorical variables[][] we saw that we could use the \TU/lmtt/m/n/10.95 dplyr::filter()
 []



[264]
Missing character: There is no 🤷 (U+1F937) in font [lmroman10-regular]:mapping=tex-text;!


[265]
Missing character: There is no 👆 (U+1F446) in font [lmroman10-regular]:mapping=tex-text;!


[266]

[267]

[268]
Missing character: There is no 👆 (U+1F446) in font [lmroman10-regular]:mapping=tex-text;!


[269]
chapter 21.


[270

]
File: chapters/dispersion/dispersion_01_people.png Graphic file (type bmp)
<chapters/dispersion/dispersion_01_people.png>

Overfull \hbox (73.58705pt too wide) in paragraph at lines 11031--11032
 [][] 
 []



[271]
File: chapters/dispersion/dispersion_02_people.png Graphic file (type bmp)
<chapters/dispersion/dispersion_02_people.png>

Overfull \hbox (73.58705pt too wide) in paragraph at lines 11044--11045
 [][] 
 []



[272]
Underfull \hbox (badness 10000) in paragraph at lines 11061--11063

 []


Underfull \hbox (badness 10000) in paragraph at lines 11063--11065

 []

File: chapters/dispersion/dispersion_03_overview.png Graphic file (type bmp)
<chapters/dispersion/dispersion_03_overview.png>

Overfull \hbox (73.58705pt too wide) in paragraph at lines 11070--11071
 [][] 
 []



[273]

LaTeX Warning: Hyper reference `glossary-console' on page 274 undefined on input line 11080.



[274]
File: chapters/dispersion/dispersion_04_edges.png Graphic file (type bmp)
<chapters/dispersion/dispersion_04_edges.png>

Overfull \hbox (73.58705pt too wide) in paragraph at lines 11112--11113
 [][] 
 []

File: chapters/dispersion/dispersion_05_even.png Graphic file (type bmp)
<chapters/dispersion/dispersion_05_even.png>

Overfull \hbox (73.58705pt too wide) in paragraph at lines 11125--11126
 [][] 
 []



[275]

LaTeX Warning: Hyper reference `glossary-variance' on page 276 undefined on input line 11138.

File: chapters/dispersion/dispersion_04_edges.png Graphic file (type bmp)
<chapters/dispersion/dispersion_04_edges.png>

Overfull \hbox (73.58705pt too wide) in paragraph at lines 11148--11149
 [][] 
 []



[276]
File: chapters/dispersion/dispersion_06_variance.png Graphic file (type bmp)
<chapters/dispersion/dispersion_06_variance.png>

Overfull \hbox (73.58705pt too wide) in paragraph at lines 11160--11161
 [][] 
 []



[277]
File: chapters/dispersion/dispersion_07_variance.png Graphic file (type bmp)
<chapters/dispersion/dispersion_07_variance.png>

Overfull \hbox (73.58705pt too wide) in paragraph at lines 11173--11174
 [][] 
 []



[278]
File: chapters/dispersion/dispersion_08_variance.png Graphic file (type bmp)
<chapters/dispersion/dispersion_08_variance.png>

Overfull \hbox (73.58705pt too wide) in paragraph at lines 11186--11187
 [][] 
 []



[279]
File: chapters/dispersion/dispersion_09_variance.png Graphic file (type bmp)
<chapters/dispersion/dispersion_09_variance.png>

Overfull \hbox (73.58705pt too wide) in paragraph at lines 11199--11200
 [][] 
 []



[280]
File: chapters/dispersion/dispersion_10_variance.png Graphic file (type bmp)
<chapters/dispersion/dispersion_10_variance.png>

Overfull \hbox (73.58705pt too wide) in paragraph at lines 11213--11214
 [][] 
 []



[281]
Missing character: There is no 👆 (U+1F446) in font [lmroman10-regular]:mapping=tex-text;!


[282]

LaTeX Warning: Hyper reference `glossary-standard-deviation' on page 283 undefined on input line 11272.

File: chapters/dispersion/dispersion_11_sd.png Graphic file (type bmp)
<chapters/dispersion/dispersion_11_sd.png>

Overfull \hbox (73.58705pt too wide) in paragraph at lines 11276--11277
 [][] 
 []



[283]
File: chapters/dispersion/dispersion_12_sd.png Graphic file (type bmp)
<chapters/dispersion/dispersion_12_sd.png>

Overfull \hbox (73.58705pt too wide) in paragraph at lines 11300--11301
 [][] 
 []


Overfull \hbox (352.31604pt too wide) in paragraph at lines 11321--11321
[]\TU/lmtt/m/n/10.95 Warning in geom_segment(aes(x = 68, y = 0, xend = 68, yend = peak), color = "red", : All aesthetics have length 1, but the data has 2 rows.[] 
 []



[284]
Overfull \hbox (7.39111pt too wide) in paragraph at lines 11322--11322
[]\TU/lmtt/m/n/10.95 i Please consider using []annotate()[] or provide this layer with data containing[] 
 []

File: chapters/dispersion/dispersion_files/figure-pdf/unnamed-chunk-21-1.pdf Graphic file (type pdf)
<use chapters/dispersion/dispersion_files/figure-pdf/unnamed-chunk-21-1.pdf>


[285]
Missing character: There is no 👆 (U+1F446) in font [lmroman10-regular]:mapping=tex-text;!


[286]
Missing character: There is no 👆 (U+1F446) in font [lmroman10-regular]:mapping=tex-text;!


[287]

[288]
chapter 22.

LaTeX Warning: Hyper reference `glossary-univariate' on page 289 undefined on input line 11497.


LaTeX Warning: Hyper reference `glossary-bivariate' on page 289 undefined on input line 11500.


LaTeX Warning: Hyper reference `glossary-outcome-variable' on page 289 undefined on input line 11519.


LaTeX Warning: Hyper reference `glossary-predictor-variable' on page 289 undefined on input line 11525.

File: chapters/cont_out_cont_pred/cont_cont_01.png Graphic file (type bmp)
<chapters/cont_out_cont_pred/cont_cont_01.png>

Overfull \hbox (73.58705pt too wide) in paragraph at lines 11532--11533
 [][] 
 []



[289

]
File: chapters/cont_out_cont_pred/cont_cont_02.png Graphic file (type bmp)
<chapters/cont_out_cont_pred/cont_cont_02.png>

Overfull \hbox (73.58705pt too wide) in paragraph at lines 11558--11559
 [][] 
 []



[290]
File: chapters/cont_out_cont_pred/cont_cont_03_correlation.png Graphic file (type bmp)
<chapters/cont_out_cont_pred/cont_cont_03_correlation.png>

Overfull \hbox (73.58705pt too wide) in paragraph at lines 11578--11579
 [][] 
 []



[291]
File: chapters/cont_out_cont_pred/cont_cont_04_correlation.png Graphic file (type bmp)
<chapters/cont_out_cont_pred/cont_cont_04_correlation.png>

Overfull \hbox (73.58705pt too wide) in paragraph at lines 11591--11592
 [][] 
 []



[292]
File: chapters/cont_out_cont_pred/cont_cont_05_correlation.png Graphic file (type bmp)
<chapters/cont_out_cont_pred/cont_cont_05_correlation.png>

Overfull \hbox (73.58705pt too wide) in paragraph at lines 11606--11607
 [][] 
 []



[293]
File: chapters/cont_out_cont_pred/cont_cont_06_correlation.png Graphic file (type bmp)
<chapters/cont_out_cont_pred/cont_cont_06_correlation.png>

Overfull \hbox (73.58705pt too wide) in paragraph at lines 11620--11621
 [][] 
 []



[294]

[295]
Missing character: There is no 👆 (U+1F446) in font [lmroman10-regular]:mapping=tex-text;!


[296]
File: chapters/cont_out_cont_pred/cont_out_cont_pred_files/figure-pdf/unnamed-chunk-9-1.pdf Graphic file (type pdf)
<use chapters/cont_out_cont_pred/cont_out_cont_pred_files/figure-pdf/unnamed-chunk-9-1.pdf>
File: chapters/cont_out_cont_pred/cont_out_cont_pred_files/figure-pdf/unnamed-chunk-10-1.pdf Graphic file (type pdf)
<use chapters/cont_out_cont_pred/cont_out_cont_pred_files/figure-pdf/unnamed-chunk-10-1.pdf>


[297]
Missing character: There is no 👆 (U+1F446) in font [lmroman10-regular]:mapping=tex-text;!
File: chapters/cont_out_cont_pred/cont_out_cont_pred_files/figure-pdf/unnamed-chunk-11-1.pdf Graphic file (type pdf)
<use chapters/cont_out_cont_pred/cont_out_cont_pred_files/figure-pdf/unnamed-chunk-11-1.pdf>


[298]
File: chapters/cont_out_cont_pred/cont_cont_07_correlation.png Graphic file (type bmp)
<chapters/cont_out_cont_pred/cont_cont_07_correlation.png>

Overfull \hbox (73.58705pt too wide) in paragraph at lines 11791--11792
 [][] 
 []



[299]
File: chapters/cont_out_cont_pred/cont_out_cont_pred_files/figure-pdf/unnamed-chunk-13-1.pdf Graphic file (type pdf)
<use chapters/cont_out_cont_pred/cont_out_cont_pred_files/figure-pdf/unnamed-chunk-13-1.pdf>


[300]
Missing character: There is no 👆 (U+1F446) in font [lmroman10-regular]:mapping=tex-text;!


[301]

[302]
File: chapters/cont_out_cont_pred/cont_out_cont_pred_files/figure-pdf/unnamed-chunk-15-1.pdf Graphic file (type pdf)
<use chapters/cont_out_cont_pred/cont_out_cont_pred_files/figure-pdf/unnamed-chunk-15-1.pdf>


[303]
File: chapters/cont_out_cont_pred/cont_out_cont_pred_files/figure-pdf/unnamed-chunk-17-1.pdf Graphic file (type pdf)
<use chapters/cont_out_cont_pred/cont_out_cont_pred_files/figure-pdf/unnamed-chunk-17-1.pdf>


[304]
File: chapters/cont_out_cont_pred/cont_out_cont_pred_files/figure-pdf/unnamed-chunk-18-1.pdf Graphic file (type pdf)
<use chapters/cont_out_cont_pred/cont_out_cont_pred_files/figure-pdf/unnamed-chunk-18-1.pdf>


[305]
Overfull \hbox (30.38611pt too wide) in paragraph at lines 12033--12033
[]\TU/lmtt/m/n/10.95 Warning: Removed 4 rows containing missing values or values outside the scale range[] 
 []

File: chapters/cont_out_cont_pred/cont_out_cont_pred_files/figure-pdf/unnamed-chunk-20-1.pdf Graphic file (type pdf)
<use chapters/cont_out_cont_pred/cont_out_cont_pred_files/figure-pdf/unnamed-chunk-20-1.pdf>


[306]
Missing character: There is no 👆 (U+1F446) in font [lmroman10-regular]:mapping=tex-text;!


[307]
Overfull \hbox (30.38611pt too wide) in paragraph at lines 12144--12144
[]\TU/lmtt/m/n/10.95 Warning: Removed 4 rows containing missing values or values outside the scale range[] 
 []

File: chapters/cont_out_cont_pred/cont_out_cont_pred_files/figure-pdf/unnamed-chunk-23-1.pdf Graphic file (type pdf)
<use chapters/cont_out_cont_pred/cont_out_cont_pred_files/figure-pdf/unnamed-chunk-23-1.pdf>


[308]

[309]
chapter 23.
File: chapters/cont_out_cat_pred/cont_cat_01.png Graphic file (type bmp)
<chapters/cont_out_cat_pred/cont_cat_01.png>

Overfull \hbox (73.58705pt too wide) in paragraph at lines 12176--12177
 [][] 
 []



[310

]

[311]

[312]
Missing character: There is no 👆 (U+1F446) in font [lmroman10-regular]:mapping=tex-text;!


[313]
Underfull \hbox (badness 1603) in paragraph at lines 12323--12326
[]\TU/lmr/m/n/10.95 Notice too that we saved our summary statistics table as data frame named
 []

File: chapters/cont_out_cat_pred/cont_out_cat_pred_files/figure-pdf/unnamed-chunk-5-1.pdf Graphic file (type pdf)
<use chapters/cont_out_cat_pred/cont_out_cat_pred_files/figure-pdf/unnamed-chunk-5-1.pdf>


[314]
Missing character: There is no 👆 (U+1F446) in font [lmroman10-regular]:mapping=tex-text;!

Overfull \hbox (26.21425pt too wide) in paragraph at lines 12380--12384
[]\TU/lmr/m/n/10.95 We changed the x and y axis titles using the \TU/lmtt/m/n/10.95 scale_x_discrete() \TU/lmr/m/n/10.95 and \TU/lmtt/m/n/10.95 scale_y_continuous()
 []

Missing character: There is no 🐊 (U+1F40A) in font [lmroman10-regular]:mapping=tex-text;!

Underfull \hbox (badness 10000) in paragraph at lines 12389--12392
[]\TU/lmtt/m/n/10.95 theme(legend.position = "none", axis.text.x = element_text(size = 12))
 []



[315]

[316]
File: chapters/cont_out_cat_pred/cont_out_cat_pred_files/figure-pdf/unnamed-chunk-7-1.pdf Graphic file (type pdf)
<use chapters/cont_out_cat_pred/cont_out_cat_pred_files/figure-pdf/unnamed-chunk-7-1.pdf>
Missing character: There is no 👆 (U+1F446) in font [lmroman10-regular]:mapping=tex-text;!


[317]
chapter 24.
File: chapters/cat_out_cat_pred/cat_cat_01.png Graphic file (type bmp)
<chapters/cat_out_cat_pred/cat_cat_01.png>

Overfull \hbox (73.58705pt too wide) in paragraph at lines 12481--12482
 [][] 
 []



[318

]
File: chapters/cat_out_cat_pred/cat_cat_02_categorizing.png Graphic file (type bmp)
<chapters/cat_out_cat_pred/cat_cat_02_categorizing.png>

Overfull \hbox (73.58705pt too wide) in paragraph at lines 12500--12501
 [][] 
 []



[319]
Underfull \vbox (badness 10000) detected at line 12577
 []


Underfull \vbox (badness 10000) detected at line 12577
 []



[320]
Overfull \hbox (7.39111pt too wide) in paragraph at lines 12581--12581
[]     \TU/lmtt/m/n/10.95 age age_group       gender ht_in wt_lbs   bmi bmi_3cat   genhlth   persdoc[] 
 []


Overfull \hbox (13.13986pt too wide) in paragraph at lines 12583--12583
[] \TU/lmtt/m/n/10.95 1    32 30 and Older    Male      70    216  31.0 Obese      Very Good Yes, on~[] 
 []


Overfull \hbox (13.13986pt too wide) in paragraph at lines 12584--12584
[] \TU/lmtt/m/n/10.95 2    30 30 and Older    Female    63    106  18.8 Normal     Very Good Yes, mo~[] 
 []


Overfull \hbox (13.13986pt too wide) in paragraph at lines 12585--12585
[] \TU/lmtt/m/n/10.95 3    32 30 and Older    Female    62    145  26.5 Overweight Good      Yes, mo~[] 
 []


Overfull \hbox (13.13986pt too wide) in paragraph at lines 12586--12586
[] \TU/lmtt/m/n/10.95 4    29 Younger than 30 Male      67    195  30.5 Obese      Good      Yes, on~[] 
 []


Overfull \hbox (13.13986pt too wide) in paragraph at lines 12587--12587
[] \TU/lmtt/m/n/10.95 5    24 Younger than 30 Female    67    143  22.4 Normal     Very Good Yes, mo~[] 
 []


Overfull \hbox (13.13986pt too wide) in paragraph at lines 12590--12590
[] \TU/lmtt/m/n/10.95 8    24 Younger than 30 Male      69    140  20.7 Normal     Very Good Yes, on~[] 
 []


Overfull \hbox (13.13986pt too wide) in paragraph at lines 12591--12591
[] \TU/lmtt/m/n/10.95 9    48 30 and Older    Male      65    158  26.3 Overweight Very Good Yes, mo~[] 
 []


LaTeX Warning: Hyper reference `glossary-two-way-frequency-table' on page 321 undefined on input line 12609.



[321]
Overfull \hbox (82.12485pt too wide) in paragraph at lines 12645--12645
[]        \TU/lmtt/m/n/10.95 df$persdoc | Excellent | Very Good |      Good |      Fair |      Poor | Row Total |[] 
 []


Overfull \hbox (82.12485pt too wide) in paragraph at lines 12646--12646
[]\TU/lmtt/m/n/10.95 -------------------|-----------|-----------|-----------|-----------|-----------|-----------|[] 
 []


Overfull \hbox (82.12485pt too wide) in paragraph at lines 12647--12647
[]                \TU/lmtt/m/n/10.95 No |         4 |         9 |         8 |         0 |         0 |        21 |[] 
 []


Overfull \hbox (82.12485pt too wide) in paragraph at lines 12648--12648
[]                   \TU/lmtt/m/n/10.95 |     0.090 |     0.097 |     0.180 |     0.344 |     0.344 |           |[] 
 []


Overfull \hbox (82.12485pt too wide) in paragraph at lines 12649--12649
[]                   \TU/lmtt/m/n/10.95 |     0.190 |     0.429 |     0.381 |     0.000 |     0.000 |     0.344 |[] 
 []


Overfull \hbox (82.12485pt too wide) in paragraph at lines 12650--12650
[]                   \TU/lmtt/m/n/10.95 |     0.400 |     0.310 |     0.400 |     0.000 |     0.000 |           |[] 
 []


Overfull \hbox (82.12485pt too wide) in paragraph at lines 12651--12651
[]                   \TU/lmtt/m/n/10.95 |     0.066 |     0.148 |     0.131 |     0.000 |     0.000 |           |[] 
 []


Overfull \hbox (82.12485pt too wide) in paragraph at lines 12652--12652
[]\TU/lmtt/m/n/10.95 -------------------|-----------|-----------|-----------|-----------|-----------|-----------|[] 
 []


Overfull \hbox (82.12485pt too wide) in paragraph at lines 12653--12653
[]     \TU/lmtt/m/n/10.95 Yes, only one |         4 |        12 |         6 |         1 |         0 |        23 |[] 
 []


Overfull \hbox (82.12485pt too wide) in paragraph at lines 12654--12654
[]                   \TU/lmtt/m/n/10.95 |     0.014 |     0.104 |     0.315 |     1.029 |     0.377 |           |[] 
 []


Overfull \hbox (82.12485pt too wide) in paragraph at lines 12655--12655
[]                   \TU/lmtt/m/n/10.95 |     0.174 |     0.522 |     0.261 |     0.043 |     0.000 |     0.377 |[] 
 []


Overfull \hbox (82.12485pt too wide) in paragraph at lines 12656--12656
[]                   \TU/lmtt/m/n/10.95 |     0.400 |     0.414 |     0.300 |     1.000 |     0.000 |           |[] 
 []


Overfull \hbox (82.12485pt too wide) in paragraph at lines 12657--12657
[]                   \TU/lmtt/m/n/10.95 |     0.066 |     0.197 |     0.098 |     0.016 |     0.000 |           |[] 
 []


Overfull \hbox (82.12485pt too wide) in paragraph at lines 12658--12658
[]\TU/lmtt/m/n/10.95 -------------------|-----------|-----------|-----------|-----------|-----------|-----------|[] 
 []


Overfull \hbox (82.12485pt too wide) in paragraph at lines 12659--12659
[]\TU/lmtt/m/n/10.95 Yes, more than one |         2 |         8 |         6 |         0 |         1 |        17 |[] 
 []


Overfull \hbox (82.12485pt too wide) in paragraph at lines 12660--12660
[]                   \TU/lmtt/m/n/10.95 |     0.222 |     0.001 |     0.033 |     0.279 |     1.867 |           |[] 
 []


Overfull \hbox (82.12485pt too wide) in paragraph at lines 12661--12661
[]                   \TU/lmtt/m/n/10.95 |     0.118 |     0.471 |     0.353 |     0.000 |     0.059 |     0.279 |[] 
 []


Overfull \hbox (82.12485pt too wide) in paragraph at lines 12662--12662
[]                   \TU/lmtt/m/n/10.95 |     0.200 |     0.276 |     0.300 |     0.000 |     1.000 |           |[] 
 []


Overfull \hbox (82.12485pt too wide) in paragraph at lines 12663--12663
[]                   \TU/lmtt/m/n/10.95 |     0.033 |     0.131 |     0.098 |     0.000 |     0.016 |           |[] 
 []


Overfull \hbox (82.12485pt too wide) in paragraph at lines 12664--12664
[]\TU/lmtt/m/n/10.95 -------------------|-----------|-----------|-----------|-----------|-----------|-----------|[] 
 []


Overfull \hbox (82.12485pt too wide) in paragraph at lines 12665--12665
[]      \TU/lmtt/m/n/10.95 Column Total |        10 |        29 |        20 |         1 |         1 |        61 |[] 
 []


Overfull \hbox (82.12485pt too wide) in paragraph at lines 12666--12666
[]                   \TU/lmtt/m/n/10.95 |     0.164 |     0.475 |     0.328 |     0.016 |     0.016 |           |[] 
 []


Overfull \hbox (82.12485pt too wide) in paragraph at lines 12667--12667
[]\TU/lmtt/m/n/10.95 -------------------|-----------|-----------|-----------|-----------|-----------|-----------|[] 
 []



[322]
File: chapters/cat_out_cat_pred/cat_cat_03_crosstable.png Graphic file (type bmp)
<chapters/cat_out_cat_pred/cat_cat_03_crosstable.png>

Overfull \hbox (73.58705pt too wide) in paragraph at lines 12676--12677
 [][] 
 []

File: chapters/cat_out_cat_pred/cat_cat_04_crosstable.png Graphic file (type bmp)
<chapters/cat_out_cat_pred/cat_cat_04_crosstable.png>

Overfull \hbox (73.58705pt too wide) in paragraph at lines 12694--12695
 [][] 
 []



[323]
File: chapters/cat_out_cat_pred/cat_cat_05_crosstable.png Graphic file (type bmp)
<chapters/cat_out_cat_pred/cat_cat_05_crosstable.png>

Overfull \hbox (73.58705pt too wide) in paragraph at lines 12708--12709
 [][] 
 []



[324]
File: chapters/cat_out_cat_pred/cat_cat_06_crosstable.png Graphic file (type bmp)
<chapters/cat_out_cat_pred/cat_cat_06_crosstable.png>

Overfull \hbox (73.58705pt too wide) in paragraph at lines 12722--12723
 [][] 
 []



[325]
File: chapters/cat_out_cat_pred/cat_cat_07_crosstable.png Graphic file (type bmp)
<chapters/cat_out_cat_pred/cat_cat_07_crosstable.png>

Overfull \hbox (73.58705pt too wide) in paragraph at lines 12738--12739
 [][] 
 []



[326]
File: chapters/cat_out_cat_pred/cat_cat_08_crosstable.png Graphic file (type bmp)
<chapters/cat_out_cat_pred/cat_cat_08_crosstable.png>

Overfull \hbox (73.58705pt too wide) in paragraph at lines 12755--12756
 [][] 
 []



[327]

LaTeX Warning: Hyper reference `marginal-totals' on page 328 undefined on input line 12767.

File: chapters/cat_out_cat_pred/cat_cat_09_crosstable.png Graphic file (type bmp)
<chapters/cat_out_cat_pred/cat_cat_09_crosstable.png>

Overfull \hbox (73.58705pt too wide) in paragraph at lines 12774--12775
 [][] 
 []



[328]
File: chapters/cat_out_cat_pred/cat_cat_10_crosstable.png Graphic file (type bmp)
<chapters/cat_out_cat_pred/cat_cat_10_crosstable.png>

Overfull \hbox (73.58705pt too wide) in paragraph at lines 12787--12788
 [][] 
 []



[329]
File: chapters/cat_out_cat_pred/cat_cat_11_crosstable.png Graphic file (type bmp)
<chapters/cat_out_cat_pred/cat_cat_11_crosstable.png>

Overfull \hbox (73.58705pt too wide) in paragraph at lines 12803--12804
 [][] 
 []



[330]
File: chapters/cat_out_cat_pred/cat_cat_12_crosstable.png Graphic file (type bmp)
<chapters/cat_out_cat_pred/cat_cat_12_crosstable.png>

Overfull \hbox (73.58705pt too wide) in paragraph at lines 12819--12820
 [][] 
 []



[331]

[332]

[333]
part V.
Package scrkbase Info: You've told me to use the font selection of the element
(scrkbase)             `partprefix' that is an alias of element `partnumber'
(scrkbase)              on input line 12860.


[334

]
chapter 25.

LaTeX Warning: Reference `sec-managing-data' on page 335 undefined on input line 12865.



[335

]

[336]
Overfull \hbox (128.11484pt too wide) in paragraph at lines 13004--13004
[]\TU/lmtt/m/n/10.95 Error in UseMethod("filter"): no applicable method for []filter[] applied to an object of class "list"[] 
 []



[337]

[338]
Missing character: There is no 👏 (U+1F44F) in font [lmroman10-regular]:mapping=tex-text;!


[339]
chapter 26.


[340

]
Missing character: There is no 👆 (U+1F446) in font [lmroman10-regular]:mapping=tex-text;!


[341]
Missing character: There is no 👆 (U+1F446) in font [lmroman10-regular]:mapping=tex-text;!


[342]
Missing character: There is no 👆 (U+1F446) in font [lmroman10-regular]:mapping=tex-text;!


[343]
Overfull \hbox (12.44351pt too wide) in paragraph at lines 13406--13412
[]\TU/lmr/m/n/10.95 Notice, however, that this returns a different result than \TU/lmtt/m/n/10.95 class$heights \TU/lmr/m/n/10.95 and \TU/lmtt/m/n/10.95 class[["heights]]\TU/lmr/m/n/10.95 .
 []



[344]

[345]

LaTeX Warning: Reference `sec-exporting-data' on page 346 undefined on input line 13530.


LaTeX Warning: Reference `sec-introduction-to-data-management' on page 346 undefined on input line 13531.



[346]
Missing character: There is no 👆 (U+1F446) in font [lmroman10-regular]:mapping=tex-text;!


[347]

[348]

[349]
Overfull \hbox (13.13986pt too wide) in paragraph at lines 13798--13798
[]      \TU/lmtt/m/n/10.95 id  year   age drug    se_headache se_diarrhea se_dry_mouth    mi complete[] 
 []


Overfull \hbox (13.13986pt too wide) in paragraph at lines 13799--13799
[]   \TU/lmtt/m/n/10.95 <int> <int> <int> <chr>         <int>       <int>        <int> <int>    <dbl>[] 
 []


Overfull \hbox (13.13986pt too wide) in paragraph at lines 13800--13800
[] \TU/lmtt/m/n/10.95 1     1     0    65 Active            0           1            1     0        0[] 
 []


Overfull \hbox (13.13986pt too wide) in paragraph at lines 13801--13801
[] \TU/lmtt/m/n/10.95 2     1     1    65 Active            1           1            1     0        0[] 
 []


Overfull \hbox (13.13986pt too wide) in paragraph at lines 13802--13802
[] \TU/lmtt/m/n/10.95 3     1     2    65 Active            1           1            0     0        0[] 
 []


Overfull \hbox (13.13986pt too wide) in paragraph at lines 13803--13803
[] \TU/lmtt/m/n/10.95 4     2     0    49 Active            1           1            1     0        0[] 
 []


Overfull \hbox (13.13986pt too wide) in paragraph at lines 13804--13804
[] \TU/lmtt/m/n/10.95 5     2     1    49 Active            0           0            1     0        0[] 
 []


Overfull \hbox (13.13986pt too wide) in paragraph at lines 13805--13805
[] \TU/lmtt/m/n/10.95 6     2     2    49 Active            1           1            1     0        0[] 
 []


Overfull \hbox (13.13986pt too wide) in paragraph at lines 13806--13806
[] \TU/lmtt/m/n/10.95 7     3     0    48 Placebo           0           0            0     0        0[] 
 []


Overfull \hbox (13.13986pt too wide) in paragraph at lines 13807--13807
[] \TU/lmtt/m/n/10.95 8     3     1    48 Placebo           0           0            0     0        0[] 
 []


Overfull \hbox (13.13986pt too wide) in paragraph at lines 13808--13808
[] \TU/lmtt/m/n/10.95 9     3     2    48 Placebo           0           0            0     0        0[] 
 []


Overfull \hbox (13.13986pt too wide) in paragraph at lines 13809--13809
[]\TU/lmtt/m/n/10.95 10     4     0    37 Placebo           0           0            0     0        0[] 
 []

Missing character: There is no 👀 (U+1F440) in font [lmroman10-regular]:mapping=tex-text;!


[350]
Overfull \hbox (13.13986pt too wide) in paragraph at lines 13827--13827
[]      \TU/lmtt/m/n/10.95 id  year   age drug    se_headache se_diarrhea se_dry_mouth    mi complete[] 
 []


Overfull \hbox (13.13986pt too wide) in paragraph at lines 13828--13828
[]   \TU/lmtt/m/n/10.95 <int> <int> <int> <chr>         <int>       <int>        <int> <int>    <dbl>[] 
 []


Overfull \hbox (13.13986pt too wide) in paragraph at lines 13829--13829
[] \TU/lmtt/m/n/10.95 1     1     0    65 Active            0           1            1     0        0[] 
 []


Overfull \hbox (13.13986pt too wide) in paragraph at lines 13830--13830
[] \TU/lmtt/m/n/10.95 2     1     1    65 Active            1           1            1     0        0[] 
 []


Overfull \hbox (13.13986pt too wide) in paragraph at lines 13831--13831
[] \TU/lmtt/m/n/10.95 3     1     2    65 Active            1           1            0     0        0[] 
 []


Overfull \hbox (13.13986pt too wide) in paragraph at lines 13832--13832
[] \TU/lmtt/m/n/10.95 4     2     0    49 Active            1           1            1     0        0[] 
 []


Overfull \hbox (13.13986pt too wide) in paragraph at lines 13833--13833
[] \TU/lmtt/m/n/10.95 5     2     1    49 Active            0           0            1     0        0[] 
 []


Overfull \hbox (13.13986pt too wide) in paragraph at lines 13834--13834
[] \TU/lmtt/m/n/10.95 6     2     2    49 Active            1           1            1     0        0[] 
 []


Overfull \hbox (13.13986pt too wide) in paragraph at lines 13835--13835
[] \TU/lmtt/m/n/10.95 7     3     0    48 Placebo           0           0            0     0        0[] 
 []


Overfull \hbox (13.13986pt too wide) in paragraph at lines 13836--13836
[] \TU/lmtt/m/n/10.95 8     3     1    48 Placebo           0           0            0     0        0[] 
 []


Overfull \hbox (13.13986pt too wide) in paragraph at lines 13837--13837
[] \TU/lmtt/m/n/10.95 9     3     2    48 Placebo           0           0            0     0        0[] 
 []


Overfull \hbox (13.13986pt too wide) in paragraph at lines 13838--13838
[]\TU/lmtt/m/n/10.95 10     4     0    37 Placebo           0           0            0     0        0[] 
 []

Missing character: There is no ♻ (U+267B) in font [lmroman10-regular]:mapping=tex-text;!
Missing character: There is no ️ (U+FE0F) in font [lmroman10-regular]:mapping=tex-text;!
Missing character: There is no ♻ (U+267B) in font [lmroman10-regular]:mapping=tex-text;!
Missing character: There is no ️ (U+FE0F) in font [lmroman10-regular]:mapping=tex-text;!


[351]

[352]

[353]

[354]
Overfull \hbox (168.35608pt too wide) in paragraph at lines 14043--14043
[]\TU/lmtt/m/n/10.95 Error in []$<-.data.frame[]([]*tmp*[], complete, value = c(0, 1, 2, 3, 4, : replacement has 7 rows, data has 60[] 
 []



[355]
Overfull \hbox (7.39111pt too wide) in paragraph at lines 14123--14123
[]\TU/lmtt/m/n/10.95 Warning in nums + c(1, 2, 3): longer object length is not a multiple of shorter[] 
 []


Overfull \hbox (13.13986pt too wide) in paragraph at lines 14148--14148
[]      \TU/lmtt/m/n/10.95 id  year   age drug    se_headache se_diarrhea se_dry_mouth    mi complete[] 
 []


Overfull \hbox (13.13986pt too wide) in paragraph at lines 14149--14149
[]   \TU/lmtt/m/n/10.95 <int> <int> <int> <chr>         <int>       <int>        <int> <int>    <dbl>[] 
 []


Overfull \hbox (13.13986pt too wide) in paragraph at lines 14150--14150
[] \TU/lmtt/m/n/10.95 1     1     0    65 Active            0           1            1     0        0[] 
 []


Overfull \hbox (13.13986pt too wide) in paragraph at lines 14151--14151
[] \TU/lmtt/m/n/10.95 2     1     1    65 Active            1           1            1     0        0[] 
 []


Overfull \hbox (13.13986pt too wide) in paragraph at lines 14152--14152
[] \TU/lmtt/m/n/10.95 3     1     2    65 Active            1           1            0     0        0[] 
 []


Overfull \hbox (13.13986pt too wide) in paragraph at lines 14153--14153
[] \TU/lmtt/m/n/10.95 4     2     0    49 Active            1           1            1     0        0[] 
 []


Overfull \hbox (13.13986pt too wide) in paragraph at lines 14154--14154
[] \TU/lmtt/m/n/10.95 5     2     1    49 Active            0           0            1     0        0[] 
 []


Overfull \hbox (13.13986pt too wide) in paragraph at lines 14155--14155
[] \TU/lmtt/m/n/10.95 6     2     2    49 Active            1           1            1     0        0[] 
 []


Overfull \hbox (13.13986pt too wide) in paragraph at lines 14156--14156
[] \TU/lmtt/m/n/10.95 7     3     0    48 Placebo           0           0            0     0        0[] 
 []


Overfull \hbox (13.13986pt too wide) in paragraph at lines 14157--14157
[] \TU/lmtt/m/n/10.95 8     3     1    48 Placebo           0           0            0     0        0[] 
 []


Overfull \hbox (13.13986pt too wide) in paragraph at lines 14158--14158
[] \TU/lmtt/m/n/10.95 9     3     2    48 Placebo           0           0            0     0        0[] 
 []


Overfull \hbox (13.13986pt too wide) in paragraph at lines 14159--14159
[]\TU/lmtt/m/n/10.95 10     4     0    37 Placebo           0           0            0     0        0[] 
 []



[356]
Overfull \hbox (13.13986pt too wide) in paragraph at lines 14177--14177
[]      \TU/lmtt/m/n/10.95 id  year   age drug    se_headache se_diarrhea se_dry_mouth    mi complete[] 
 []


Overfull \hbox (13.13986pt too wide) in paragraph at lines 14178--14178
[]   \TU/lmtt/m/n/10.95 <int> <int> <int> <chr>         <int>       <int>        <int> <int>    <dbl>[] 
 []


Overfull \hbox (13.13986pt too wide) in paragraph at lines 14179--14179
[] \TU/lmtt/m/n/10.95 1     1     0    65 Active            0           1            1     0        0[] 
 []


Overfull \hbox (13.13986pt too wide) in paragraph at lines 14180--14180
[] \TU/lmtt/m/n/10.95 2     1     1    65 Active            1           1            1     0        0[] 
 []


Overfull \hbox (13.13986pt too wide) in paragraph at lines 14181--14181
[] \TU/lmtt/m/n/10.95 3     1     2    65 Active            1           1            0     0        0[] 
 []


Overfull \hbox (13.13986pt too wide) in paragraph at lines 14182--14182
[] \TU/lmtt/m/n/10.95 4     2     0    49 Active            1           1            1     0        0[] 
 []


Overfull \hbox (13.13986pt too wide) in paragraph at lines 14183--14183
[] \TU/lmtt/m/n/10.95 5     2     1    49 Active            0           0            1     0        0[] 
 []


Overfull \hbox (13.13986pt too wide) in paragraph at lines 14184--14184
[] \TU/lmtt/m/n/10.95 6     2     2    49 Active            1           1            1     0        0[] 
 []


Overfull \hbox (13.13986pt too wide) in paragraph at lines 14185--14185
[] \TU/lmtt/m/n/10.95 7     3     0    48 Placebo           0           0            0     0        0[] 
 []


Overfull \hbox (13.13986pt too wide) in paragraph at lines 14186--14186
[] \TU/lmtt/m/n/10.95 8     3     1    48 Placebo           0           0            0     0        0[] 
 []


Overfull \hbox (13.13986pt too wide) in paragraph at lines 14187--14187
[] \TU/lmtt/m/n/10.95 9     3     2    48 Placebo           0           0            0     0        0[] 
 []


Overfull \hbox (13.13986pt too wide) in paragraph at lines 14188--14188
[]\TU/lmtt/m/n/10.95 10     4     0    37 Placebo           0           0            0     0        0[] 
 []



[357]
Overfull \hbox (13.13986pt too wide) in paragraph at lines 14258--14258
[]      \TU/lmtt/m/n/10.95 id  year   age drug  se_headache se_diarrhea se_dry_mouth    mi age_center[] 
 []


Overfull \hbox (13.13986pt too wide) in paragraph at lines 14259--14259
[]   \TU/lmtt/m/n/10.95 <int> <int> <int> <chr>       <int>       <int>        <int> <int>      <dbl>[] 
 []


Overfull \hbox (13.13986pt too wide) in paragraph at lines 14260--14260
[] \TU/lmtt/m/n/10.95 1     1     0    65 Acti~           0           1            1     0       11.3[] 
 []


Overfull \hbox (13.13986pt too wide) in paragraph at lines 14261--14261
[] \TU/lmtt/m/n/10.95 2     1     1    65 Acti~           1           1            1     0       11.3[] 
 []


Overfull \hbox (13.13986pt too wide) in paragraph at lines 14262--14262
[] \TU/lmtt/m/n/10.95 3     1     2    65 Acti~           1           1            0     0       11.3[] 
 []


Overfull \hbox (13.13986pt too wide) in paragraph at lines 14263--14263
[] \TU/lmtt/m/n/10.95 4     2     0    49 Acti~           1           1            1     0       -4.7[] 
 []


Overfull \hbox (13.13986pt too wide) in paragraph at lines 14264--14264
[] \TU/lmtt/m/n/10.95 5     2     1    49 Acti~           0           0            1     0       -4.7[] 
 []


Overfull \hbox (13.13986pt too wide) in paragraph at lines 14265--14265
[] \TU/lmtt/m/n/10.95 6     2     2    49 Acti~           1           1            1     0       -4.7[] 
 []


Overfull \hbox (13.13986pt too wide) in paragraph at lines 14266--14266
[] \TU/lmtt/m/n/10.95 7     3     0    48 Plac~           0           0            0     0       -5.7[] 
 []



[358]
Overfull \hbox (13.13986pt too wide) in paragraph at lines 14267--14267
[] \TU/lmtt/m/n/10.95 8     3     1    48 Plac~           0           0            0     0       -5.7[] 
 []


Overfull \hbox (13.13986pt too wide) in paragraph at lines 14268--14268
[] \TU/lmtt/m/n/10.95 9     3     2    48 Plac~           0           0            0     0       -5.7[] 
 []


Overfull \hbox (13.13986pt too wide) in paragraph at lines 14269--14269
[]\TU/lmtt/m/n/10.95 10     4     0    37 Plac~           0           0            0     0      -16.7[] 
 []



[359]
Missing character: There is no 👆 (U+1F446) in font [lmroman10-regular]:mapping=tex-text;!

LaTeX Warning: Reference `sec-introduction-to-repeated-operations' on page 360 undefined on input line 14359.



[360]
Missing character: There is no 😂 (U+1F602) in font [lmroman10-regular]:mapping=tex-text;!


[361]
Missing character: There is no 👆 (U+1F446) in font [lmroman10-regular]:mapping=tex-text;!


[362]

[363]

[364]

[365]

[366]

[367]

[368]

LaTeX Warning: Hyper reference `factor-vectors' on page 369 undefined on input line 14875.



[369]
Missing character: There is no 👆 (U+1F446) in font [lmroman10-regular]:mapping=tex-text;!
Missing character: There is no 🗒 (U+1F5D2) in font [lmroman10-regular]:mapping=tex-text;!

LaTeX Warning: Hyper reference `the-tidyverse-way' on page 370 undefined on input line 14951.



[370]

[371]

[372]
chapter 27.
File: chapters/subsetting_data_frames/rows.png Graphic file (type bmp)
<chapters/subsetting_data_frames/rows.png>

Overfull \hbox (10.94806pt too wide) in paragraph at lines 15069--15070
[][] 
 []

File: chapters/subsetting_data_frames/columns.png Graphic file (type bmp)
<chapters/subsetting_data_frames/columns.png>

Overfull \hbox (10.94806pt too wide) in paragraph at lines 15075--15076
[][] 
 []



[373

]

[374]

[375]

[376]
Missing character: There is no 👆 (U+1F446) in font [lmroman10-regular]:mapping=tex-text;!


[377]
Missing character: There is no 👏 (U+1F44F) in font [lmroman10-regular]:mapping=tex-text;!
Missing character: There is no 👆 (U+1F446) in font [lmroman10-regular]:mapping=tex-text;!


[378]
Overfull \hbox (13.13986pt too wide) in paragraph at lines 15347--15347
[]      \TU/lmtt/m/n/10.95 id  year   age drug  se_headache se_diarrhea se_dry_mouth    mi age_center[] 
 []


Overfull \hbox (13.13986pt too wide) in paragraph at lines 15348--15348
[]   \TU/lmtt/m/n/10.95 <int> <int> <int> <chr>       <int>       <int>        <int> <int>      <dbl>[] 
 []


Overfull \hbox (13.13986pt too wide) in paragraph at lines 15349--15349
[] \TU/lmtt/m/n/10.95 1     1     0    65 Acti~           0           1            1     0       11.3[] 
 []


Overfull \hbox (13.13986pt too wide) in paragraph at lines 15350--15350
[] \TU/lmtt/m/n/10.95 2     1     1    65 Acti~           1           1            1     0       11.3[] 
 []


Overfull \hbox (13.13986pt too wide) in paragraph at lines 15351--15351
[] \TU/lmtt/m/n/10.95 3     1     2    65 Acti~           1           1            0     0       11.3[] 
 []


Overfull \hbox (13.13986pt too wide) in paragraph at lines 15352--15352
[] \TU/lmtt/m/n/10.95 4     2     0    49 Acti~           1           1            1     0       -4.7[] 
 []


Overfull \hbox (13.13986pt too wide) in paragraph at lines 15353--15353
[] \TU/lmtt/m/n/10.95 5     2     1    49 Acti~           0           0            1     0       -4.7[] 
 []


Overfull \hbox (13.13986pt too wide) in paragraph at lines 15354--15354
[] \TU/lmtt/m/n/10.95 6     2     2    49 Acti~           1           1            1     0       -4.7[] 
 []


Overfull \hbox (13.13986pt too wide) in paragraph at lines 15355--15355
[] \TU/lmtt/m/n/10.95 7     3     0    48 Plac~           0           0            0     0       -5.7[] 
 []


Overfull \hbox (13.13986pt too wide) in paragraph at lines 15356--15356
[] \TU/lmtt/m/n/10.95 8     3     1    48 Plac~           0           0            0     0       -5.7[] 
 []


Overfull \hbox (13.13986pt too wide) in paragraph at lines 15357--15357
[] \TU/lmtt/m/n/10.95 9     3     2    48 Plac~           0           0            0     0       -5.7[] 
 []


Overfull \hbox (13.13986pt too wide) in paragraph at lines 15358--15358
[]\TU/lmtt/m/n/10.95 10     4     0    37 Plac~           0           0            0     0      -16.7[] 
 []



[379]
Missing character: There is no 👆 (U+1F446) in font [lmroman10-regular]:mapping=tex-text;!
Missing character: There is no ⚠ (U+26A0) in font [lmroman10-regular]:mapping=tex-text;!
Missing character: There is no ️ (U+FE0F) in font [lmroman10-regular]:mapping=tex-text;!
Missing character: There is no 👆 (U+1F446) in font [lmroman10-regular]:mapping=tex-text;!


[380]

[381]

[382]
Missing character: There is no 👆 (U+1F446) in font [lmroman10-regular]:mapping=tex-text;!


[383]

[384]

[385]
Missing character: There is no 👆 (U+1F446) in font [lmroman10-regular]:mapping=tex-text;!


[386]
Missing character: There is no 👆 (U+1F446) in font [lmroman10-regular]:mapping=tex-text;!


[387]
Overfull \hbox (13.13986pt too wide) in paragraph at lines 15906--15906
[]     \TU/lmtt/m/n/10.95 id  year   age drug   se_headache se_diarrhea se_dry_mouth    mi age_center[] 
 []


Overfull \hbox (13.13986pt too wide) in paragraph at lines 15907--15907
[]  \TU/lmtt/m/n/10.95 <int> <int> <int> <chr>        <int>       <int>        <int> <int>      <dbl>[] 
 []


Overfull \hbox (13.13986pt too wide) in paragraph at lines 15908--15908
[]\TU/lmtt/m/n/10.95 1     1     0    65 Active           0           1            1     0       11.3[] 
 []



[388]
Overfull \hbox (13.13986pt too wide) in paragraph at lines 15909--15909
[]\TU/lmtt/m/n/10.95 2     1     1    65 Active           1           1            1     0       11.3[] 
 []


Overfull \hbox (13.13986pt too wide) in paragraph at lines 15910--15910
[]\TU/lmtt/m/n/10.95 3     1     2    65 Active           1           1            0     0       11.3[] 
 []


Overfull \hbox (13.13986pt too wide) in paragraph at lines 15911--15911
[]\TU/lmtt/m/n/10.95 4     2     0    49 Active           1           1            1     0       -4.7[] 
 []


Overfull \hbox (13.13986pt too wide) in paragraph at lines 15912--15912
[]\TU/lmtt/m/n/10.95 5     2     1    49 Active           0           0            1     0       -4.7[] 
 []

Missing character: There is no 👆 (U+1F446) in font [lmroman10-regular]:mapping=tex-text;!

Overfull \hbox (13.13986pt too wide) in paragraph at lines 15971--15971
[]      \TU/lmtt/m/n/10.95 id  year   age drug  se_headache se_diarrhea se_dry_mouth    mi age_center[] 
 []



[389]
Overfull \hbox (13.13986pt too wide) in paragraph at lines 15972--15972
[]   \TU/lmtt/m/n/10.95 <int> <int> <int> <chr>       <int>       <int>        <int> <int>      <dbl>[] 
 []


Overfull \hbox (1.64236pt too wide) in paragraph at lines 15973--15973
[] \TU/lmtt/m/n/10.95 1     1     0    65 Acti~           0           1            1     0     11.3[] 
 []


Overfull \hbox (1.64236pt too wide) in paragraph at lines 15974--15974
[] \TU/lmtt/m/n/10.95 2     2     0    49 Acti~           1           1            1     0     -4.7[] 
 []


Overfull \hbox (1.64236pt too wide) in paragraph at lines 15975--15975
[] \TU/lmtt/m/n/10.95 3     3     0    48 Plac~           0           0            0     0     -5.7[] 
 []


Overfull \hbox (1.64236pt too wide) in paragraph at lines 15976--15976
[] \TU/lmtt/m/n/10.95 4     4     0    37 Plac~           0           0            0     0    -16.7[] 
 []


Overfull \hbox (1.64236pt too wide) in paragraph at lines 15977--15977
[] \TU/lmtt/m/n/10.95 5     5     0    71 Plac~           0           0            0     0     17.3[] 
 []


Overfull \hbox (1.64236pt too wide) in paragraph at lines 15978--15978
[] \TU/lmtt/m/n/10.95 6     6     0    48 Plac~           0           0            0     0     -5.7[] 
 []


Overfull \hbox (1.64236pt too wide) in paragraph at lines 15979--15979
[] \TU/lmtt/m/n/10.95 7     7     0    59 Acti~           1           1            1     0      5.3[] 
 []


Overfull \hbox (1.64236pt too wide) in paragraph at lines 15980--15980
[] \TU/lmtt/m/n/10.95 8     8     0    60 Plac~           0           0            0     0      6.3[] 
 []


Overfull \hbox (1.64236pt too wide) in paragraph at lines 15981--15981
[] \TU/lmtt/m/n/10.95 9     9     0    61 Acti~           1           1            1     0      7.3[] 
 []


Overfull \hbox (1.64236pt too wide) in paragraph at lines 15982--15982
[]\TU/lmtt/m/n/10.95 10    10     0    39 Acti~           1           0            1     0    -14.7[] 
 []


Overfull \hbox (1.64236pt too wide) in paragraph at lines 15983--15983
[]\TU/lmtt/m/n/10.95 11    11     0    61 Plac~           0           0            0     0      7.3[] 
 []


Overfull \hbox (1.64236pt too wide) in paragraph at lines 15984--15984
[]\TU/lmtt/m/n/10.95 12    12     0    62 Plac~           1           0            1     0      8.3[] 
 []


Overfull \hbox (1.64236pt too wide) in paragraph at lines 15985--15985
[]\TU/lmtt/m/n/10.95 13    13     0    43 Plac~           0           0            0     0    -10.7[] 
 []


Overfull \hbox (1.64236pt too wide) in paragraph at lines 15986--15986
[]\TU/lmtt/m/n/10.95 14    14     0    63 Plac~           0           0            0     0      9.3[] 
 []


Overfull \hbox (1.64236pt too wide) in paragraph at lines 15987--15987
[]\TU/lmtt/m/n/10.95 15    15     0    69 Acti~           1           1            1     0     15.3[] 
 []


Overfull \hbox (1.64236pt too wide) in paragraph at lines 15988--15988
[]\TU/lmtt/m/n/10.95 16    16     0    42 Plac~           0           0            0     0    -11.7[] 
 []


Overfull \hbox (1.64236pt too wide) in paragraph at lines 15989--15989
[]\TU/lmtt/m/n/10.95 17    17     0    60 Plac~           0           0            0     0      6.3[] 
 []


Overfull \hbox (1.64236pt too wide) in paragraph at lines 15990--15990
[]\TU/lmtt/m/n/10.95 18    18     0    41 Acti~           1           1            1     0    -12.7[] 
 []


Overfull \hbox (1.64236pt too wide) in paragraph at lines 15991--15991
[]\TU/lmtt/m/n/10.95 19    19     0    43 Plac~           0           0            0     0    -10.7[] 
 []


Overfull \hbox (13.13986pt too wide) in paragraph at lines 15992--15992
[]\TU/lmtt/m/n/10.95 20    20     0    53 Plac~           0           0            0     0     -0.700[] 
 []

Missing character: There is no 👆 (U+1F446) in font [lmroman10-regular]:mapping=tex-text;!


[390]

[391]
Missing character: There is no 👆 (U+1F446) in font [lmroman10-regular]:mapping=tex-text;!


[392]
Overfull \hbox (13.13986pt too wide) in paragraph at lines 16184--16184
[]      \TU/lmtt/m/n/10.95 id  year   age drug  se_headache se_diarrhea se_dry_mouth    mi age_center[] 
 []


Overfull \hbox (13.13986pt too wide) in paragraph at lines 16185--16185
[]   \TU/lmtt/m/n/10.95 <int> <int> <int> <chr>       <int>       <int>        <int> <int>      <dbl>[] 
 []


Overfull \hbox (13.13986pt too wide) in paragraph at lines 16186--16186
[] \TU/lmtt/m/n/10.95 1     1     0    NA Acti~           0           1            1     0       11.3[] 
 []


Overfull \hbox (13.13986pt too wide) in paragraph at lines 16187--16187
[] \TU/lmtt/m/n/10.95 2     2     0    49 Acti~           1           1            1     0       -4.7[] 
 []


Overfull \hbox (13.13986pt too wide) in paragraph at lines 16188--16188
[] \TU/lmtt/m/n/10.95 3     3     0    48 Plac~           0           0            0     0       -5.7[] 
 []


Overfull \hbox (13.13986pt too wide) in paragraph at lines 16189--16189
[] \TU/lmtt/m/n/10.95 4     4     0    37 <NA>            0           0            0     0      -16.7[] 
 []


Overfull \hbox (13.13986pt too wide) in paragraph at lines 16190--16190
[] \TU/lmtt/m/n/10.95 5     5     0    71 Plac~           0           0            0     0       17.3[] 
 []


Overfull \hbox (13.13986pt too wide) in paragraph at lines 16191--16191
[] \TU/lmtt/m/n/10.95 6     6     0    48 Plac~           0           0            0     0       -5.7[] 
 []


Overfull \hbox (13.13986pt too wide) in paragraph at lines 16192--16192
[] \TU/lmtt/m/n/10.95 7     7     0    59 Acti~           1           1            1     0        5.3[] 
 []


Overfull \hbox (13.13986pt too wide) in paragraph at lines 16193--16193
[] \TU/lmtt/m/n/10.95 8     8     0    60 Plac~           0           0            0     0        6.3[] 
 []


Overfull \hbox (13.13986pt too wide) in paragraph at lines 16194--16194
[] \TU/lmtt/m/n/10.95 9     9     0    61 Acti~           1           1            1     0        7.3[] 
 []


Overfull \hbox (13.13986pt too wide) in paragraph at lines 16195--16195
[]\TU/lmtt/m/n/10.95 10    10     0    39 Acti~           1           0            1     0      -14.7[] 
 []



[393]
Missing character: There is no 👆 (U+1F446) in font [lmroman10-regular]:mapping=tex-text;!


[394]

[395]

[396]
Missing character: There is no 👆 (U+1F446) in font [lmroman10-regular]:mapping=tex-text;!


[397]

[398]
Missing character: There is no 👆 (U+1F446) in font [lmroman10-regular]:mapping=tex-text;!


[399]
Missing character: There is no 👆 (U+1F446) in font [lmroman10-regular]:mapping=tex-text;!


[400]

[401]
Missing character: There is no 🎉 (U+1F389) in font [lmroman10-regular]:mapping=tex-text;!


[402]
chapter 28.
Missing character: There is no 📅 (U+1F4C5) in font [lmroman10-regular]:mapping=tex-text;!
Missing character: There is no 📅 (U+1F4C5) in font [lmroman10-regular]:mapping=tex-text;!
Missing character: There is no 🕓 (U+1F553) in font [lmroman10-regular]:mapping=tex-text;!


[403

]
Overfull \hbox (13.13986pt too wide) in paragraph at lines 16755--16755
[]\TU/lmtt/m/n/10.95 -- Column specification --------------------------------------------------------[] 
 []


Overfull \hbox (18.88861pt too wide) in paragraph at lines 16762--16762
[]\TU/lmtt/m/n/10.95 i Specify the column types or set []show_col_types = FALSE[] to quiet this message.[] 
 []


Overfull \hbox (13.13986pt too wide) in paragraph at lines 16769--16769
[] \TU/lmtt/m/n/10.95 1 Nathaniel  Watts     1996-03-04 16:59:18 1996-03-04  03/04/1996  March 04, 1~[] 
 []


Overfull \hbox (13.13986pt too wide) in paragraph at lines 16770--16770
[] \TU/lmtt/m/n/10.95 2 Sophia     Gomez     1998-11-21 21:52:08 1998-11-21  11/21/1998  November 21~[] 
 []


Overfull \hbox (13.13986pt too wide) in paragraph at lines 16771--16771
[] \TU/lmtt/m/n/10.95 3 Emmett     Steele    1994-09-03 23:26:19 1994-09-03  09/03/1994  September 0~[] 
 []


Overfull \hbox (13.13986pt too wide) in paragraph at lines 16772--16772
[] \TU/lmtt/m/n/10.95 4 Levi       Sanchez   1996-08-03 17:18:50 1996-08-03  08/03/1996  August 03, ~[] 
 []


Overfull \hbox (13.13986pt too wide) in paragraph at lines 16773--16773
[] \TU/lmtt/m/n/10.95 5 August     Murray    1980-06-13 18:27:13 1980-06-13  06/13/1980  June 13, 19~[] 
 []


Overfull \hbox (13.13986pt too wide) in paragraph at lines 16774--16774
[] \TU/lmtt/m/n/10.95 6 Juan       Clark     1996-12-09 05:33:24 1996-12-08  12/08/1996  December 08~[] 
 []


Overfull \hbox (13.13986pt too wide) in paragraph at lines 16775--16775
[] \TU/lmtt/m/n/10.95 7 Lilly      Levy      1992-11-27 17:36:43 1992-11-27  11/27/1992  November 27~[] 
 []


Overfull \hbox (13.13986pt too wide) in paragraph at lines 16776--16776
[] \TU/lmtt/m/n/10.95 8 Natalie    Rogers    1983-04-27 23:31:56 1983-04-27  04/27/1983  April 27, 1~[] 
 []


Overfull \hbox (13.13986pt too wide) in paragraph at lines 16777--16777
[] \TU/lmtt/m/n/10.95 9 Solomon    Harding   1988-06-28 16:13:46 1988-06-28  06/28/1988  June 28, 19~[] 
 []


Overfull \hbox (13.13986pt too wide) in paragraph at lines 16778--16778
[]\TU/lmtt/m/n/10.95 10 Olivia     House     1997-08-02 22:09:50 1997-08-02  08/02/1997  August 02, ~[] 
 []

Missing character: There is no 👆 (U+1F446) in font [lmroman10-regular]:mapping=tex-text;!


[404]

[405]
File: chapters/working_with_dates/timeline.png Graphic file (type bmp)
<chapters/working_with_dates/timeline.png>

Overfull \hbox (10.94806pt too wide) in paragraph at lines 16863--16864
[][] 
 []



[406]

[407]
Missing character: There is no 👆 (U+1F446) in font [lmroman10-regular]:mapping=tex-text;!


[408]
Overfull \hbox (5.07324pt too wide) in paragraph at lines 17082--17083
[]\TU/lmr/m/n/10.95 Symbol  
 []


Overfull \hbox (2.5952pt too wide) in paragraph at lines 17086--17087
[]\TU/lmr/m/n/10.95 Example  
 []


Overfull \hbox (4.00775pt too wide) in paragraph at lines 17093--17094
[]|\TU/lmr/m/n/10.95 Saturday|  
 []



[409]
Overfull \hbox (13.13986pt too wide) in paragraph at lines 17118--17118
[] \TU/lmtt/m/n/10.95 1 Nathaniel  Watts     1996-03-04 16:59:18 1996-03-04  03/04/1996  March 04, 1~[] 
 []


Overfull \hbox (13.13986pt too wide) in paragraph at lines 17119--17119
[] \TU/lmtt/m/n/10.95 2 Sophia     Gomez     1998-11-21 21:52:08 1998-11-21  11/21/1998  November 21~[] 
 []


Overfull \hbox (13.13986pt too wide) in paragraph at lines 17120--17120
[] \TU/lmtt/m/n/10.95 3 Emmett     Steele    1994-09-03 23:26:19 1994-09-03  09/03/1994  September 0~[] 
 []


Overfull \hbox (13.13986pt too wide) in paragraph at lines 17121--17121
[] \TU/lmtt/m/n/10.95 4 Levi       Sanchez   1996-08-03 17:18:50 1996-08-03  08/03/1996  August 03, ~[] 
 []


Overfull \hbox (13.13986pt too wide) in paragraph at lines 17122--17122
[] \TU/lmtt/m/n/10.95 5 August     Murray    1980-06-13 18:27:13 1980-06-13  06/13/1980  June 13, 19~[] 
 []


Overfull \hbox (13.13986pt too wide) in paragraph at lines 17123--17123
[] \TU/lmtt/m/n/10.95 6 Juan       Clark     1996-12-09 05:33:24 1996-12-08  12/08/1996  December 08~[] 
 []


Overfull \hbox (13.13986pt too wide) in paragraph at lines 17124--17124
[] \TU/lmtt/m/n/10.95 7 Lilly      Levy      1992-11-27 17:36:43 1992-11-27  11/27/1992  November 27~[] 
 []


Overfull \hbox (13.13986pt too wide) in paragraph at lines 17125--17125
[] \TU/lmtt/m/n/10.95 8 Natalie    Rogers    1983-04-27 23:31:56 1983-04-27  04/27/1983  April 27, 1~[] 
 []


Overfull \hbox (13.13986pt too wide) in paragraph at lines 17126--17126
[] \TU/lmtt/m/n/10.95 9 Solomon    Harding   1988-06-28 16:13:46 1988-06-28  06/28/1988  June 28, 19~[] 
 []


Overfull \hbox (13.13986pt too wide) in paragraph at lines 17127--17127
[]\TU/lmtt/m/n/10.95 10 Olivia     House     1997-08-02 22:09:50 1997-08-02  08/02/1997  August 02, ~[] 
 []



[410]

[411]
Missing character: There is no 👆 (U+1F446) in font [lmroman10-regular]:mapping=tex-text;!

Overfull \hbox (24.78197pt too wide) in paragraph at lines 17246--17250
[]\TU/lmr/m/n/10.95 Notice that \TU/lmtt/m/n/10.95 dob_typical\TU/lmr/m/n/10.95 ’s column type is still character (\TU/lmtt/m/n/10.95 <chr>\TU/lmr/m/n/10.95 ), but \TU/lmtt/m/n/10.95 dob_typical_to_date\TU/lmr/m/n/10.95 ’s
 []



[412]
Missing character: There is no 👆 (U+1F446) in font [lmroman10-regular]:mapping=tex-text;!


[413]
Missing character: There is no 👆 (U+1F446) in font [lmroman10-regular]:mapping=tex-text;!


[414]
Underfull \hbox (badness 1102) in paragraph at lines 17382--17390
[]\TU/lmr/m/n/10.95 Notice that \TU/lmtt/m/n/10.95 dob_actual\TU/lmr/m/n/10.95 ’s column type is still date_time (\TU/lmtt/m/n/10.95 <S3: POSIXct>\TU/lmr/m/n/10.95 ), but
 []



[415]

[416]

[417]

[418]
Missing character: There is no 👆 (U+1F446) in font [lmroman10-regular]:mapping=tex-text;!


[419]
Missing character: There is no 👆 (U+1F446) in font [lmroman10-regular]:mapping=tex-text;!


[420]
Missing character: There is no 👆 (U+1F446) in font [lmroman10-regular]:mapping=tex-text;!


[421]
Overfull \hbox (1.64236pt too wide) in paragraph at lines 17822--17822
[]   \TU/lmtt/m/n/10.95 name_first dob        today      age_subtraction age_difftime age_lubridate[] 
 []


Overfull \hbox (1.64236pt too wide) in paragraph at lines 17823--17823
[]   \TU/lmtt/m/n/10.95 <chr>      <date>     <date>               <dbl>        <dbl>         <dbl>[] 
 []


Overfull \hbox (1.64236pt too wide) in paragraph at lines 17824--17824
[] \TU/lmtt/m/n/10.95 1 Nathaniel  1996-03-04 2020-05-07            24.2         24.2          24.2[] 
 []


Overfull \hbox (1.64236pt too wide) in paragraph at lines 17825--17825
[] \TU/lmtt/m/n/10.95 2 Sophia     1998-11-21 2020-05-07            21.5         21.5          21.5[] 
 []


Overfull \hbox (1.64236pt too wide) in paragraph at lines 17826--17826
[] \TU/lmtt/m/n/10.95 3 Emmett     1994-09-03 2020-05-07            25.7         25.7          25.7[] 
 []


Overfull \hbox (1.64236pt too wide) in paragraph at lines 17827--17827
[] \TU/lmtt/m/n/10.95 4 Levi       1996-08-03 2020-05-07            23.8         23.8          23.8[] 
 []


Overfull \hbox (1.64236pt too wide) in paragraph at lines 17828--17828
[] \TU/lmtt/m/n/10.95 5 August     1980-06-13 2020-05-07            39.9         39.9          39.9[] 
 []


Overfull \hbox (1.64236pt too wide) in paragraph at lines 17829--17829
[] \TU/lmtt/m/n/10.95 6 Juan       1996-12-08 2020-05-07            23.4         23.4          23.4[] 
 []


Overfull \hbox (1.64236pt too wide) in paragraph at lines 17830--17830
[] \TU/lmtt/m/n/10.95 7 Lilly      1992-11-27 2020-05-07            27.4         27.4          27.4[] 
 []


Overfull \hbox (1.64236pt too wide) in paragraph at lines 17831--17831
[] \TU/lmtt/m/n/10.95 8 Natalie    1983-04-27 2020-05-07            37.0         37.0          37.0[] 
 []


Overfull \hbox (1.64236pt too wide) in paragraph at lines 17832--17832
[] \TU/lmtt/m/n/10.95 9 Solomon    1988-06-28 2020-05-07            31.9         31.9          31.9[] 
 []


Overfull \hbox (1.64236pt too wide) in paragraph at lines 17833--17833
[]\TU/lmtt/m/n/10.95 10 Olivia     1997-08-02 2020-05-07            22.8         22.8          22.8[] 
 []

Missing character: There is no 👆 (U+1F446) in font [lmroman10-regular]:mapping=tex-text;!


[422]

[423]

[424]
Missing character: There is no 👆 (U+1F446) in font [lmroman10-regular]:mapping=tex-text;!


[425]

[426]
Missing character: There is no 👆 (U+1F446) in font [lmroman10-regular]:mapping=tex-text;!


[427]
Missing character: There is no 👆 (U+1F446) in font [lmroman10-regular]:mapping=tex-text;!


[428]

[429]

[430]
chapter 29.

Overfull \hbox (13.13986pt too wide) in paragraph at lines 18358--18358
[]   \TU/lmtt/m/n/10.95 admit_date          name               dob        address      city  symptoms[] 
 []


Overfull \hbox (13.13986pt too wide) in paragraph at lines 18360--18360
[] \TU/lmtt/m/n/10.95 1 2017-02-01 05:22:30 "Zariah Hernandez" 1944-09-27 3201 ORANGE~ FORT~ "\"Pain~[] 
 []


Overfull \hbox (1.64236pt too wide) in paragraph at lines 18361--18361
[] \TU/lmtt/m/n/10.95 2 2017-04-08 09:17:17 "Tatum Chavez"     1952-06-12 1117 richmo~ Fort~ "Pain"[] 
 []


Overfull \hbox (1.64236pt too wide) in paragraph at lines 18362--18362
[] \TU/lmtt/m/n/10.95 3 2017-04-18 09:17:17 "Tatum S Chavez"   1952-06-12 1117 richmo~ Fort~ "Pain"[] 
 []


Overfull \hbox (13.13986pt too wide) in paragraph at lines 18363--18363
[] \TU/lmtt/m/n/10.95 4 2017-08-31 18:29:34 "Arabella George"  1966-06-15 357 Angle    FORT~ "\"Naus~[] 
 []


Overfull \hbox (13.13986pt too wide) in paragraph at lines 18364--18364
[] \TU/lmtt/m/n/10.95 5 2017-09-13 06:27:07 "Jasper Decker"    1954-05-11 3612 LAURA ~ FORT~ "\"Pain~[] 
 []


Overfull \hbox (13.13986pt too wide) in paragraph at lines 18365--18365
[] \TU/lmtt/m/n/10.95 6 2017-09-15 18:29:34 "ARABELLA GEORGE"  1966-06-15 357 Angle    FORT~ "\"Naus~[] 
 []


Overfull \hbox (1.64236pt too wide) in paragraph at lines 18366--18366
[] \TU/lmtt/m/n/10.95 7 2017-10-07 06:31:18 "Weston Fox"       2009-08-21 6433 HATCHE~ City~ "Pain"[] 
 []


Overfull \hbox (1.64236pt too wide) in paragraph at lines 18368--18368
[] \TU/lmtt/m/n/10.95 9 2017-10-16 06:31:18 "Weston Fox,"      2009-08-21 6433 HATCHE~ City~ "Pain"[] 
 []


Overfull \hbox (13.13986pt too wide) in paragraph at lines 18370--18370
[]\TU/lmtt/m/n/10.95 11 2017-10-27 18:37:00 "Emma Medrano"     1975-05-01 6301 BEECHC~ KELL~ "\"Naus~[] 
 []



[431

]
Overfull \hbox (13.13986pt too wide) in paragraph at lines 18371--18371
[]\TU/lmtt/m/n/10.95 12 2017-12-18 20:47:48 "Ivy Mccann"       1911-06-21 5426 CHILDR~ FORT~ "\"Head~[] 
 []


Overfull \hbox (13.13986pt too wide) in paragraph at lines 18372--18372
[]\TU/lmtt/m/n/10.95 13 2017-12-20 13:40:04 "Charlee Carroll"  1908-07-22 8190 DUCK C~ City~ "Headac~[] 
 []


Overfull \hbox (13.13986pt too wide) in paragraph at lines 18373--18373
[]\TU/lmtt/m/n/10.95 14 2017-12-26 20:47:48 "Ivy   Mccann"     1911-06-21 5426 CHILDR~ FORT~ "\"Head~[] 
 []

Missing character: There is no 👆 (U+1F446) in font [lmroman10-regular]:mapping=tex-text;!


[432]
Overfull \hbox (1.64236pt too wide) in paragraph at lines 18450--18450
[] \TU/lmtt/m/n/10.95 [9] "Ryan Edwards"     "Ryan Edwards  "   "Tatum Chavez"     "Tatum S Chavez"[] 
 []

Missing character: There is no 👆 (U+1F446) in font [lmroman10-regular]:mapping=tex-text;!


[433]
Overfull \hbox (1.64236pt too wide) in paragraph at lines 18510--18510
[] \TU/lmtt/m/n/10.95 [9] "ryan edwards"     "ryan edwards  "   "tatum chavez"     "tatum s chavez"[] 
 []


Overfull \hbox (1.64236pt too wide) in paragraph at lines 18528--18528
[] \TU/lmtt/m/n/10.95 [9] "RYAN EDWARDS"     "RYAN EDWARDS  "   "TATUM CHAVEZ"     "TATUM S CHAVEZ"[] 
 []



[434]
Overfull \hbox (1.64236pt too wide) in paragraph at lines 18546--18546
[] \TU/lmtt/m/n/10.95 [9] "Ryan Edwards"     "Ryan Edwards  "   "Tatum Chavez"     "Tatum S Chavez"[] 
 []


Overfull \hbox (1.64236pt too wide) in paragraph at lines 18564--18564
[] \TU/lmtt/m/n/10.95 [9] "Ryan edwards"     "Ryan edwards  "   "Tatum chavez"     "Tatum s chavez"[] 
 []


Overfull \hbox (13.13986pt too wide) in paragraph at lines 18583--18583
[]   \TU/lmtt/m/n/10.95 admit_date          name               dob        address      city  symptoms[] 
 []


Overfull \hbox (13.13986pt too wide) in paragraph at lines 18585--18585
[] \TU/lmtt/m/n/10.95 1 2017-02-01 05:22:30 "zariah hernandez" 1944-09-27 3201 ORANGE~ FORT~ "\"Pain~[] 
 []


Overfull \hbox (1.64236pt too wide) in paragraph at lines 18586--18586
[] \TU/lmtt/m/n/10.95 2 2017-04-08 09:17:17 "tatum chavez"     1952-06-12 1117 richmo~ Fort~ "Pain"[] 
 []


Overfull \hbox (1.64236pt too wide) in paragraph at lines 18587--18587
[] \TU/lmtt/m/n/10.95 3 2017-04-18 09:17:17 "tatum s chavez"   1952-06-12 1117 richmo~ Fort~ "Pain"[] 
 []


Overfull \hbox (13.13986pt too wide) in paragraph at lines 18588--18588
[] \TU/lmtt/m/n/10.95 4 2017-08-31 18:29:34 "arabella george"  1966-06-15 357 Angle    FORT~ "\"Naus~[] 
 []


Overfull \hbox (13.13986pt too wide) in paragraph at lines 18589--18589
[] \TU/lmtt/m/n/10.95 5 2017-09-13 06:27:07 "jasper decker"    1954-05-11 3612 LAURA ~ FORT~ "\"Pain~[] 
 []


Overfull \hbox (13.13986pt too wide) in paragraph at lines 18590--18590
[] \TU/lmtt/m/n/10.95 6 2017-09-15 18:29:34 "arabella george"  1966-06-15 357 Angle    FORT~ "\"Naus~[] 
 []



[435]
Overfull \hbox (1.64236pt too wide) in paragraph at lines 18591--18591
[] \TU/lmtt/m/n/10.95 7 2017-10-07 06:31:18 "weston fox"       2009-08-21 6433 HATCHE~ City~ "Pain"[] 
 []


Overfull \hbox (1.64236pt too wide) in paragraph at lines 18593--18593
[] \TU/lmtt/m/n/10.95 9 2017-10-16 06:31:18 "weston fox,"      2009-08-21 6433 HATCHE~ City~ "Pain"[] 
 []


Overfull \hbox (13.13986pt too wide) in paragraph at lines 18595--18595
[]\TU/lmtt/m/n/10.95 11 2017-10-27 18:37:00 "emma medrano"     1975-05-01 6301 BEECHC~ KELL~ "\"Naus~[] 
 []


Overfull \hbox (13.13986pt too wide) in paragraph at lines 18596--18596
[]\TU/lmtt/m/n/10.95 12 2017-12-18 20:47:48 "ivy mccann"       1911-06-21 5426 CHILDR~ FORT~ "\"Head~[] 
 []


Overfull \hbox (13.13986pt too wide) in paragraph at lines 18597--18597
[]\TU/lmtt/m/n/10.95 13 2017-12-20 13:40:04 "charlee carroll"  1908-07-22 8190 DUCK C~ City~ "Headac~[] 
 []


Overfull \hbox (13.13986pt too wide) in paragraph at lines 18598--18598
[]\TU/lmtt/m/n/10.95 14 2017-12-26 20:47:48 "ivy   mccann"     1911-06-21 5426 CHILDR~ FORT~ "\"Head~[] 
 []

Missing character: There is no 👆 (U+1F446) in font [lmroman10-regular]:mapping=tex-text;!


[436]

[437]
Missing character: There is no 👏 (U+1F44F) in font [lmroman10-regular]:mapping=tex-text;!


[438]
Missing character: There is no 👆 (U+1F446) in font [lmroman10-regular]:mapping=tex-text;!


[439]

[440]
Missing character: There is no 👆 (U+1F446) in font [lmroman10-regular]:mapping=tex-text;!


[441]

[442]
Missing character: There is no 👆 (U+1F446) in font [lmroman10-regular]:mapping=tex-text;!


[443]
Missing character: There is no 👏 (U+1F44F) in font [lmroman10-regular]:mapping=tex-text;!


[444]
Missing character: There is no 👆 (U+1F446) in font [lmroman10-regular]:mapping=tex-text;!

Overfull \hbox (13.13986pt too wide) in paragraph at lines 19163--19163
[]   \TU/lmtt/m/n/10.95 admit_date          name             dob        address        city  symptoms[] 
 []


Overfull \hbox (13.13986pt too wide) in paragraph at lines 19165--19165
[] \TU/lmtt/m/n/10.95 1 2017-02-01 05:22:30 zariah hernandez 1944-09-27 3201 ORANGE A~ FORT~ "\"Pain~[] 
 []


Overfull \hbox (1.64236pt too wide) in paragraph at lines 19166--19166
[] \TU/lmtt/m/n/10.95 2 2017-04-08 09:17:17 tatum chavez     1952-06-12 1117 richmond~ Fort~ "Pain"[] 
 []


Overfull \hbox (13.13986pt too wide) in paragraph at lines 19167--19167
[] \TU/lmtt/m/n/10.95 3 2017-08-31 18:29:34 arabella george  1966-06-15 357 Angle      FORT~ "\"Naus~[] 
 []


Overfull \hbox (13.13986pt too wide) in paragraph at lines 19168--19168
[] \TU/lmtt/m/n/10.95 4 2017-09-13 06:27:07 jasper decker    1954-05-11 3612 LAURA AN~ FORT~ "\"Pain~[] 
 []


Overfull \hbox (1.64236pt too wide) in paragraph at lines 19169--19169
[] \TU/lmtt/m/n/10.95 5 2017-10-07 06:31:18 weston fox       2009-08-21 6433 HATCHER ~ City~ "Pain"[] 
 []



[445]
Overfull \hbox (13.13986pt too wide) in paragraph at lines 19171--19171
[] \TU/lmtt/m/n/10.95 7 2017-10-27 18:37:00 emma medrano     1975-05-01 6301 BEECHCRE~ KELL~ "\"Naus~[] 
 []


Overfull \hbox (13.13986pt too wide) in paragraph at lines 19172--19172
[] \TU/lmtt/m/n/10.95 8 2017-12-18 20:47:48 ivy mccann       1911-06-21 5426 CHILDRES~ FORT~ "\"Head~[] 
 []


Overfull \hbox (13.13986pt too wide) in paragraph at lines 19173--19173
[] \TU/lmtt/m/n/10.95 9 2017-12-20 13:40:04 charlee carroll  1908-07-22 8190 DUCK CRE~ City~ "Headac~[] 
 []



[446]

[447]
Missing character: There is no 👆 (U+1F446) in font [lmroman10-regular]:mapping=tex-text;!


[448]
Missing character: There is no 👆 (U+1F446) in font [lmroman10-regular]:mapping=tex-text;!


[449]
File: chapters/working_with_character_strings/regex101.png Graphic file (type bmp)
<chapters/working_with_character_strings/regex101.png>

Overfull \hbox (10.94806pt too wide) in paragraph at lines 19472--19473
[][] 
 []



[450]

[451]

[452]

[453]
Missing character: There is no 👆 (U+1F446) in font [lmroman10-regular]:mapping=tex-text;!


[454]

[455]
chapter 30.
File: chapters/conditional_operations/values.png Graphic file (type bmp)
<chapters/conditional_operations/values.png>

Overfull \hbox (10.94806pt too wide) in paragraph at lines 19728--19729
[][] 
 []

File: chapters/conditional_operations/conditions.png Graphic file (type bmp)
<chapters/conditional_operations/conditions.png>

Overfull \hbox (10.94806pt too wide) in paragraph at lines 19737--19738
[][] 
 []



[456

]
File: chapters/conditional_operations/rain.png Graphic file (type bmp)
<chapters/conditional_operations/rain.png>

Overfull \hbox (10.94806pt too wide) in paragraph at lines 19750--19751
[][] 
 []



[457]

[458]
Missing character: There is no 👆 (U+1F446) in font [lmroman10-regular]:mapping=tex-text;!
Missing character: There is no 👆 (U+1F446) in font [lmroman10-regular]:mapping=tex-text;!


[459]

[460]

[461]
File: chapters/conditional_operations/operands.png Graphic file (type bmp)
<chapters/conditional_operations/operands.png>

Overfull \hbox (10.94806pt too wide) in paragraph at lines 20002--20003
[][] 
 []



[462]
File: chapters/conditional_operations/comparison-numeric.png Graphic file (type bmp)
<chapters/conditional_operations/comparison-numeric.png>

Overfull \hbox (10.94806pt too wide) in paragraph at lines 20012--20013
[][] 
 []

File: chapters/conditional_operations/comparison-character.png Graphic file (type bmp)
<chapters/conditional_operations/comparison-character.png>

Overfull \hbox (10.94806pt too wide) in paragraph at lines 20014--20015
[][] 
 []

File: chapters/conditional_operations/arithmetic.png Graphic file (type bmp)
<chapters/conditional_operations/arithmetic.png>


[463]
Overfull \hbox (10.94806pt too wide) in paragraph at lines 20016--20017
[][] 
 []

File: chapters/conditional_operations/logical.png Graphic file (type bmp)
<chapters/conditional_operations/logical.png>

Overfull \hbox (10.94806pt too wide) in paragraph at lines 20018--20019
[][] 
 []



[464]

[465]

[466]
Missing character: There is no 👆 (U+1F446) in font [lmroman10-regular]:mapping=tex-text;!


[467]

[468]
Missing character: There is no 👆 (U+1F446) in font [lmroman10-regular]:mapping=tex-text;!
File: chapters/conditional_operations/bp.png Graphic file (type bmp)
<chapters/conditional_operations/bp.png>

Overfull \hbox (10.94806pt too wide) in paragraph at lines 20302--20303
[][] 
 []



[469]

[470]
Missing character: There is no 👆 (U+1F446) in font [lmroman10-regular]:mapping=tex-text;!


[471]

[472]
Missing character: There is no 👆 (U+1F446) in font [lmroman10-regular]:mapping=tex-text;!


[473]

[474]
Missing character: There is no 👆 (U+1F446) in font [lmroman10-regular]:mapping=tex-text;!


[475]

[476]
Missing character: There is no 👆 (U+1F446) in font [lmroman10-regular]:mapping=tex-text;!


[477]

[478]
Missing character: There is no 👆 (U+1F446) in font [lmroman10-regular]:mapping=tex-text;!


[479]

[480]

[481]

LaTeX Warning: Hyper reference `missing-data' on page 482 undefined on input line 20986.



[482]

[483]
Missing character: There is no 👆 (U+1F446) in font [lmroman10-regular]:mapping=tex-text;!


[484]

[485]
Underfull \hbox (badness 1496) in paragraph at lines 21212--21217
[]\TU/lmr/m/n/10.95 The fourth and fifth two-sided formulas tell \TU/lmtt/m/n/10.95 case_when() \TU/lmr/m/n/10.95 to set the value of
 []



[486]
Overfull \hbox (7.39111pt too wide) in paragraph at lines 21290--21290
[]      \TU/lmtt/m/n/10.95 id   age  race hispanic age_3cat age_3cat_f race_eth_4cat race_eth_4cat_f[] 
 []


Overfull \hbox (13.13986pt too wide) in paragraph at lines 21293--21293
[] \TU/lmtt/m/n/10.95 2     2    19     2        0        3 adult                  2 Black, non-Hisp~[] 
 []


Overfull \hbox (13.13986pt too wide) in paragraph at lines 21294--21294
[] \TU/lmtt/m/n/10.95 3     3    14     1        1        2 adolescent             3 Hispanic, any r~[] 
 []


Overfull \hbox (13.13986pt too wide) in paragraph at lines 21295--21295
[] \TU/lmtt/m/n/10.95 4     4     3     4        0        1 child                  4 Other race, non~[] 
 []


Overfull \hbox (13.13986pt too wide) in paragraph at lines 21296--21296
[] \TU/lmtt/m/n/10.95 5     5    10     7        1        1 child                  3 Hispanic, any r~[] 
 []


Overfull \hbox (13.13986pt too wide) in paragraph at lines 21297--21297
[] \TU/lmtt/m/n/10.95 6     6    18     1        0        3 adult                  1 White, non-Hisp~[] 
 []


Overfull \hbox (13.13986pt too wide) in paragraph at lines 21298--21298
[] \TU/lmtt/m/n/10.95 7     7    22     2        1        3 adult                  3 Hispanic, any r~[] 
 []


Overfull \hbox (13.13986pt too wide) in paragraph at lines 21300--21300
[] \TU/lmtt/m/n/10.95 9     9     5     1        0        1 child                  1 White, non-Hisp~[] 
 []


Overfull \hbox (13.13986pt too wide) in paragraph at lines 21301--21301
[]\TU/lmtt/m/n/10.95 10    10    NA     3        1       NA <NA>                   3 Hispanic, any r~[] 
 []



[487]
chapter 31.
File: chapters/multiple_data_frames/agencies.png Graphic file (type bmp)
<chapters/multiple_data_frames/agencies.png>

Overfull \hbox (10.94806pt too wide) in paragraph at lines 21316--21317
[][] 
 []

File: chapters/multiple_data_frames/sites.png Graphic file (type bmp)
<chapters/multiple_data_frames/sites.png>

Overfull \hbox (10.94806pt too wide) in paragraph at lines 21320--21321
[][] 
 []



[488

]
File: chapters/multiple_data_frames/time.png Graphic file (type bmp)
<chapters/multiple_data_frames/time.png>

Overfull \hbox (10.94806pt too wide) in paragraph at lines 21326--21327
[][] 
 []



[489]
File: chapters/multiple_data_frames/instruments.png Graphic file (type bmp)
<chapters/multiple_data_frames/instruments.png>

Overfull \hbox (10.94806pt too wide) in paragraph at lines 21333--21334
[][] 
 []

File: chapters/multiple_data_frames/datasets.png Graphic file (type bmp)
<chapters/multiple_data_frames/datasets.png>

Overfull \hbox (10.94806pt too wide) in paragraph at lines 21338--21339
[][] 
 []



[490]
File: chapters/multiple_data_frames/two_data_sets1.png Graphic file (type bmp)
<chapters/multiple_data_frames/two_data_sets1.png>

Overfull \hbox (10.94806pt too wide) in paragraph at lines 21350--21351
[][] 
 []

File: chapters/multiple_data_frames/two_data_sets2.png Graphic file (type bmp)
<chapters/multiple_data_frames/two_data_sets2.png>

Overfull \hbox (10.94806pt too wide) in paragraph at lines 21357--21358
[][] 
 []



[491]

[492]
File: chapters/multiple_data_frames/trial.png Graphic file (type bmp)
<chapters/multiple_data_frames/trial.png>

Overfull \hbox (10.94806pt too wide) in paragraph at lines 21394--21395
[][] 
 []



[493]
Missing character: There is no 👆 (U+1F446) in font [lmroman10-regular]:mapping=tex-text;!


[494]

[495]

[496]

[497]

[498]
Missing character: There is no 👆 (U+1F446) in font [lmroman10-regular]:mapping=tex-text;!
File: chapters/multiple_data_frames/two_data_sets_horiz.png Graphic file (type bmp)
<chapters/multiple_data_frames/two_data_sets_horiz.png>

Overfull \hbox (10.94806pt too wide) in paragraph at lines 21764--21765
[][] 
 []



[499]
File: chapters/multiple_data_frames/goal.png Graphic file (type bmp)
<chapters/multiple_data_frames/goal.png>

Overfull \hbox (10.94806pt too wide) in paragraph at lines 21771--21772
[][] 
 []



[500]
File: chapters/multiple_data_frames/flow_chart.png Graphic file (type bmp)
<chapters/multiple_data_frames/flow_chart.png>

Overfull \hbox (10.94806pt too wide) in paragraph at lines 21778--21779
[][] 
 []

File: chapters/multiple_data_frames/position.png Graphic file (type bmp)
<chapters/multiple_data_frames/position.png>

Overfull \hbox (10.94806pt too wide) in paragraph at lines 21790--21791
[][] 
 []



[501]

[502]
Missing character: There is no 👆 (U+1F446) in font [lmroman10-regular]:mapping=tex-text;!
File: chapters/multiple_data_frames/flow_chart_key_value.png Graphic file (type bmp)
<chapters/multiple_data_frames/flow_chart_key_value.png>

Overfull \hbox (10.94806pt too wide) in paragraph at lines 21883--21884
[][] 
 []



[503]
File: chapters/multiple_data_frames/one_to_one.png Graphic file (type bmp)
<chapters/multiple_data_frames/one_to_one.png>

Overfull \hbox (10.94806pt too wide) in paragraph at lines 21903--21904
[][] 
 []



[504]
File: chapters/multiple_data_frames/one_to_many.png Graphic file (type bmp)
<chapters/multiple_data_frames/one_to_many.png>

Overfull \hbox (10.94806pt too wide) in paragraph at lines 21920--21921
[][] 
 []



[505]
File: chapters/multiple_data_frames/many_to_many.png Graphic file (type bmp)
<chapters/multiple_data_frames/many_to_many.png>

Overfull \hbox (10.94806pt too wide) in paragraph at lines 21926--21927
[][] 
 []



[506]
File: chapters/multiple_data_frames/left_join.png Graphic file (type bmp)
<chapters/multiple_data_frames/left_join.png>

Overfull \hbox (10.94806pt too wide) in paragraph at lines 21967--21968
[][] 
 []



[507]
File: chapters/multiple_data_frames/right_join.png Graphic file (type bmp)
<chapters/multiple_data_frames/right_join.png>

Overfull \hbox (10.94806pt too wide) in paragraph at lines 21983--21984
[][] 
 []

File: chapters/multiple_data_frames/full_join.png Graphic file (type bmp)
<chapters/multiple_data_frames/full_join.png>

Overfull \hbox (10.94806pt too wide) in paragraph at lines 21996--21997
[][] 
 []



[508]
File: chapters/multiple_data_frames/inner_join.png Graphic file (type bmp)
<chapters/multiple_data_frames/inner_join.png>

Overfull \hbox (10.94806pt too wide) in paragraph at lines 22008--22009
[][] 
 []



[509]

[510]
Missing character: There is no 👆 (U+1F446) in font [lmroman10-regular]:mapping=tex-text;!


[511]
Missing character: There is no 👆 (U+1F446) in font [lmroman10-regular]:mapping=tex-text;!

Underfull \hbox (badness 1715) in paragraph at lines 22154--22158
[]\TU/lmr/m/n/10.95 we used \TU/lmtt/m/n/10.95 dplyr\TU/lmr/m/n/10.95 ’s \TU/lmtt/m/n/10.95 left_join() \TU/lmr/m/n/10.95 function to perform a one-to-one merge of the
 []



[512]

[513]

[514]

[515]

[516]

[517]

[518]

[519]

[520]
Overfull \hbox (185.60233pt too wide) in paragraph at lines 22671--22671
[]\TU/lmtt/m/n/10.95 Warning in left_join(., emr, by = "id"): Detected an unexpected many-to-many relationship between []x[] and []y[].[] 
 []



[521]
File: chapters/multiple_data_frames/many_to_many_emr.png Graphic file (type bmp)
<chapters/multiple_data_frames/many_to_many_emr.png>

Overfull \hbox (10.94806pt too wide) in paragraph at lines 22723--22724
[][] 
 []

File: chapters/multiple_data_frames/one_to_one_emr.png Graphic file (type bmp)
<chapters/multiple_data_frames/one_to_one_emr.png>

Overfull \hbox (10.94806pt too wide) in paragraph at lines 22738--22739
[][] 
 []



[522]
Missing character: There is no 👆 (U+1F446) in font [lmroman10-regular]:mapping=tex-text;!

Underfull \hbox (badness 3260) in paragraph at lines 22770--22777
[]\TU/lmr/m/n/10.95 We used \TU/lmtt/m/n/10.95 dplyr\TU/lmr/m/n/10.95 ’s \TU/lmtt/m/n/